pl_massj,pl_massjerr1,pl_massjerr2,pl_radj,pl_radjerr1,pl_radjerr2,st_dist,st_disterr1,st_disterr2,pl_disc
NaN,NaN,NaN,NaN,NaN,NaN,77.4,4.03,-4.5,2006
NaN,NaN,NaN,NaN,NaN,NaN,56.95,2.36,-2.58,2008
NaN,NaN,NaN,NaN,NaN,NaN,19.84,0.27,-0.28,2011
NaN,NaN,NaN,NaN,NaN,NaN,110.62,9.61,-11.63,2007
NaN,NaN,NaN,NaN,NaN,NaN,119.47,6.22,-6.95,2009
NaN,NaN,NaN,NaN,NaN,NaN,76.39,3.93,-4.38,2008
NaN,NaN,NaN,NaN,NaN,NaN,18.15,0.19,-0.2,2002
1.68,0.15,-0.15,NaN,NaN,NaN,21.41,0.24,-0.24,1996
NaN,NaN,NaN,NaN,NaN,NaN,73.1,3.56,-3.94,2008
NaN,NaN,NaN,NaN,NaN,NaN,74.79,4.57,-5.21,2010
NaN,NaN,NaN,NaN,NaN,NaN,74.79,4.57,-5.21,2010
NaN,NaN,NaN,NaN,NaN,NaN,39.43,1.64,-1.79,2009
NaN,NaN,NaN,NaN,NaN,NaN,97.28,4.34,-4.76,2008
NaN,NaN,NaN,NaN,NaN,NaN,14.08,0.13,-0.13,1996
NaN,NaN,NaN,NaN,NaN,NaN,14.08,0.13,-0.13,2001
NaN,NaN,NaN,NaN,NaN,NaN,14.08,0.13,-0.13,2009
NaN,NaN,NaN,NaN,NaN,NaN,15.36,0.18,-0.18,1995
NaN,NaN,NaN,NaN,NaN,NaN,12.53,0.13,-0.13,1996
NaN,NaN,NaN,NaN,NaN,NaN,12.53,0.13,-0.13,2004
NaN,NaN,NaN,NaN,NaN,NaN,12.53,0.13,-0.13,2002
0.027,0.001,-0.001,0.178,0.012,-0.012,12.53,0.13,-0.13,2011
NaN,NaN,NaN,NaN,NaN,NaN,12.53,0.13,-0.13,2007
NaN,NaN,NaN,NaN,NaN,NaN,8.52,0.05,-0.05,2009
NaN,NaN,NaN,NaN,NaN,NaN,8.52,0.05,-0.05,2009
NaN,NaN,NaN,NaN,NaN,NaN,8.52,0.05,-0.05,2009
7.49,0.61,-0.61,NaN,NaN,NaN,18.11,0.24,-0.24,1996
3,NaN,NaN,NaN,NaN,NaN,81.5,6.87,-8.27,2012
NaN,NaN,NaN,NaN,NaN,NaN,97.18,8.37,-10.11,2008
NaN,NaN,NaN,NaN,NaN,NaN,45.52,1.77,-1.92,2013
13.5,0.5,-0.5,NaN,NaN,NaN,45.52,1.64,-1.76,2005
17,6,-6,2.2,0.81,-0.6,165,30,-30,2007
11,10,-3,NaN,NaN,NaN,140,15,-15,2004
NaN,NaN,NaN,NaN,NaN,NaN,NaN,NaN,NaN,2009
15.711,NaN,NaN,NaN,NaN,NaN,NaN,NaN,NaN,2008
20,NaN,NaN,3,0.5,-0.5,139,45,-45,2004
21.9987,9.42803,-9.42803,1.051,0.136,-0.058,18.39,0.28,-0.29,2006
7.33,0.31,-0.31,NaN,NaN,NaN,500,NaN,NaN,2010
2.3,0.5,-0.5,NaN,NaN,NaN,500,NaN,NaN,2010
2.3,0.3,-0.3,NaN,NaN,NaN,NaN,NaN,NaN,2011
6.3,1.5,-1.5,NaN,NaN,NaN,NaN,NaN,NaN,2011
7.7,1.2,-1.2,NaN,NaN,NaN,NaN,NaN,NaN,2011
NaN,NaN,NaN,NaN,NaN,NaN,NaN,NaN,NaN,2012
NaN,NaN,NaN,NaN,NaN,NaN,20.21,0.4,-0.41,2010
NaN,NaN,NaN,NaN,NaN,NaN,1.35,0,0,2012
8,4,-2,NaN,NaN,NaN,19.28,0.19,-0.19,2008
NaN,NaN,NaN,NaN,NaN,NaN,3.22,0.01,-0.01,2000
6.7,0.3,-0.3,NaN,NaN,NaN,70.42,3.31,-3.65,2012
NaN,NaN,NaN,NaN,NaN,NaN,47.53,1.78,-1.93,2006
NaN,NaN,NaN,NaN,NaN,NaN,38.52,1.19,-1.27,2009
NaN,NaN,NaN,NaN,NaN,NaN,13.79,0.1,-0.1,2003
1.6,NaN,NaN,NaN,NaN,NaN,31.12,0.58,-0.6,2007
13.616,23.042,-1.047,NaN,NaN,NaN,52.03,1.7,-1.82,2012
NaN,NaN,NaN,NaN,NaN,NaN,62.66,3.73,-4.23,2007
24,NaN,NaN,NaN,NaN,NaN,46.84,1.67,-1.8,2012
27,NaN,NaN,NaN,NaN,NaN,46.84,1.67,-1.8,2012
NaN,NaN,NaN,NaN,NaN,NaN,80.64,4.48,-5.05,2013
1.5,NaN,NaN,NaN,NaN,NaN,84.03,4.92,-5.57,2012
4.1,NaN,NaN,NaN,NaN,NaN,56.31,1.99,-2.14,2012
NaN,NaN,NaN,NaN,NaN,NaN,17.43,0.21,-0.22,1997
5.95,0.28,-0.28,NaN,NaN,NaN,15.6,0.17,-0.17,1996
NaN,NaN,NaN,NaN,NaN,NaN,92.51,7.62,-9.12,2013
NaN,NaN,NaN,NaN,NaN,NaN,13.47,0.13,-0.13,1996
NaN,NaN,NaN,NaN,NaN,NaN,13.47,0.13,-0.13,1999
NaN,NaN,NaN,NaN,NaN,NaN,13.47,0.13,-0.13,1999
NaN,NaN,NaN,NaN,NaN,NaN,13.47,0.13,-0.13,2010
2.6,0.9,-0.9,1.2,NaN,NaN,7.69,0.05,-0.05,2008
8,4,-2,1.664,NaN,NaN,145,20,-20,2008
24.5,2.5,-2.5,NaN,NaN,NaN,36,4,-4,2013
7.5,2.5,-2.5,NaN,NaN,NaN,140,NaN,NaN,2010
4,1,-1,NaN,NaN,NaN,52.4,1.1,-1.1,2004
20.95,83.79,-20.95,0.92,0.39,-0.36,25,10,-10,2009
NaN,NaN,NaN,NaN,NaN,NaN,37.54,1.87,-2.08,2008
NaN,NaN,NaN,NaN,NaN,NaN,NaN,NaN,NaN,2007
0.458,0.039,-0.039,NaN,NaN,NaN,80,10,-10,2000
NaN,NaN,NaN,NaN,NaN,NaN,42.09,2.67,-3.06,2009
NaN,NaN,NaN,NaN,NaN,NaN,42.09,2.67,-3.06,2009
NaN,NaN,NaN,NaN,NaN,NaN,20.1,0.65,-0.69,2013
NaN,NaN,NaN,NaN,NaN,NaN,20.1,0.65,-0.69,2013
NaN,NaN,NaN,NaN,NaN,NaN,50.03,3.73,-4.38,2009
NaN,NaN,NaN,NaN,NaN,NaN,175.44,NaN,NaN,2013
NaN,NaN,NaN,NaN,NaN,NaN,NaN,NaN,NaN,2009
NaN,NaN,NaN,NaN,NaN,NaN,NaN,NaN,NaN,2009
4.2,NaN,NaN,NaN,NaN,NaN,NaN,NaN,NaN,2012
NaN,NaN,NaN,NaN,NaN,NaN,NaN,NaN,NaN,2011
10.5,4.5,-4.5,NaN,NaN,NaN,23.1,2.4,-2.4,2011
12.569,8.379,-5.237,NaN,NaN,NaN,NaN,NaN,NaN,2006
1.03,0.12,-0.12,1.49,0.08,-0.08,NaN,NaN,NaN,2008
3.47,0.22,-0.22,1.466,0.042,-0.044,200,NaN,NaN,2008
21.66,1,-1,1.01,0.07,-0.07,680,160,-160,2008
0.72,0.08,-0.08,1.19,0.06,-0.05,NaN,NaN,NaN,2008
0.467,0.047,-0.024,1.388,0.046,-0.047,NaN,NaN,NaN,2009
2.96,0.34,-0.34,1.166,0.035,-0.035,NaN,NaN,NaN,2009
0.015,0.003,-0.003,0.15,0.008,-0.008,150,20,-20,2009
0.026,0.003,-0.003,NaN,NaN,NaN,150,20,-20,2009
0.22,0.03,-0.03,0.57,0.02,-0.02,380,30,-30,2010
0.84,0.07,-0.07,1.05,0.04,-0.04,460,NaN,NaN,2009
2.75,0.16,-0.16,0.97,0.07,-0.07,345,70,-70,2010
2.33,0.34,-0.34,1.43,0.03,-0.03,560,30,-30,2010
0.917,0.07,-0.065,1.44,0.13,-0.13,1150,85,-85,2010
1.308,0.066,-0.066,0.885,0.014,-0.014,1060,100,-100,2010
7.6,0.6,-0.6,1.09,0.07,-0.07,1340,110,-110,2010
0.535,0.085,-0.083,1.17,0.16,-0.14,840,90,-90,2011
2.43,0.3,-0.3,1.02,0.07,-0.07,920,50,-50,2011
3.47,0.38,-0.38,1.31,0.18,-0.18,870,90,-90,2011
1.11,0.06,-0.06,1.29,0.03,-0.03,770,160,-160,2011
4.24,0.23,-0.23,0.84,0.04,-0.04,1230,120,-120,2011
2.8,0.3,-0.3,1.05,0.13,-0.13,600,50,-50,2011
10.39,0.55,-0.55,1.007,0.044,-0.044,NaN,NaN,NaN,2014
28.5,1.9,-1.9,NaN,NaN,NaN,20.77,0.08,-0.08,2013
NaN,NaN,NaN,NaN,NaN,NaN,10.91,0.07,-0.07,1999
NaN,NaN,NaN,NaN,NaN,NaN,14.97,0.44,-0.46,2013
NaN,NaN,NaN,NaN,NaN,NaN,14.97,0.44,-0.46,2013
NaN,NaN,NaN,NaN,NaN,NaN,14.97,0.44,-0.46,2013
NaN,NaN,NaN,NaN,NaN,NaN,12.12,0.56,-0.62,2009
2.5,0.7,-0.4,NaN,NaN,NaN,15.1,0.22,-0.22,2007
NaN,NaN,NaN,NaN,NaN,NaN,20.03,0.85,-0.92,2013
NaN,NaN,NaN,NaN,NaN,NaN,9.04,0.14,-0.15,2011
0.0729,0.0025,-0.0025,0.377,0.008,-0.009,10.23,0.23,-0.24,2004
4,4.5,-1,NaN,NaN,NaN,17.95,0.27,-0.28,2013
NaN,NaN,NaN,NaN,NaN,NaN,6.27,0.09,-0.09,2005
NaN,NaN,NaN,NaN,NaN,NaN,6.27,0.09,-0.09,2005
NaN,NaN,NaN,NaN,NaN,NaN,6.27,0.09,-0.09,2005
NaN,NaN,NaN,NaN,NaN,NaN,6.27,0.09,-0.09,2005
NaN,NaN,NaN,NaN,NaN,NaN,10.32,0.16,-0.16,2009
NaN,NaN,NaN,NaN,NaN,NaN,6.8,NaN,NaN,2011
NaN,NaN,NaN,NaN,NaN,NaN,6.8,NaN,NaN,2011
NaN,NaN,NaN,NaN,NaN,NaN,6.8,NaN,NaN,2013
NaN,NaN,NaN,NaN,NaN,NaN,6.8,NaN,NaN,2013
NaN,NaN,NaN,NaN,NaN,NaN,6.8,NaN,NaN,2013
NaN,NaN,NaN,NaN,NaN,NaN,6.8,NaN,NaN,2013
NaN,NaN,NaN,NaN,NaN,NaN,4.54,0.03,-0.03,2007
NaN,NaN,NaN,NaN,NaN,NaN,16.13,0.46,-0.49,2010
NaN,NaN,NaN,NaN,NaN,NaN,16.13,0.46,-0.49,2012
NaN,NaN,NaN,NaN,NaN,NaN,16.13,0.46,-0.49,2012
NaN,NaN,NaN,NaN,NaN,NaN,4.94,0.03,-0.03,2008
NaN,NaN,NaN,NaN,NaN,NaN,8.77,0.16,-0.17,2006
2.2756,0.0045,-0.0045,NaN,NaN,NaN,4.7,0.05,-0.05,1998
0.7142,0.0039,-0.0039,NaN,NaN,NaN,4.7,0.05,-0.05,2000
0.021,0.001,-0.001,NaN,NaN,NaN,4.7,0.05,-0.05,2005
0.046,0.005,-0.005,NaN,NaN,NaN,4.7,0.05,-0.05,2010
0.02,0.003,-0.003,0.203,0.007,-0.007,NaN,NaN,NaN,2009
NaN,NaN,NaN,NaN,NaN,NaN,17.62,0.16,-0.17,2000
0.044,0.005,-0.005,0.37,0.05,-0.05,25.2,2.9,-2.9,2012
8.4,4,-1.5,NaN,NaN,NaN,19.8,0.6,-0.6,2010
13.5,1.5,-1.5,NaN,NaN,NaN,145,14,-14,2010
0.524,0.031,-0.031,1.225,0.059,-0.059,139,22,-19,2006
9.09,0.24,-0.24,1.157,0.073,-0.062,135.32,14.4,-18.29,2007
0.591,0.018,-0.018,0.827,0.055,-0.055,138,10,-10,2007
0.671,0.033,-0.044,1.274,0.049,-0.06,314,24,-24,2007
1.06,0.11,-0.11,1.26,0.05,-0.05,342,30,-30,2007
1.057,0.119,-0.119,1.33,0.061,-0.061,261,20,-20,2007
1.52,0.18,-0.16,1.5,0.08,-0.06,230,15,-15,2008
0.78,0.09,-0.09,1.4,0.06,-0.06,480,60,-60,2008
0.211,0.012,-0.012,0.959,0.029,-0.021,142.5,4.2,-3.3,2009
0.853,0.029,-0.046,1.271,0.079,-0.079,214,12,-12,2009
NaN,NaN,NaN,NaN,NaN,NaN,214,12,-12,2009
2.232,0.059,-0.059,1.15,0.052,-0.052,205,11,-11,2010
1.946,0.066,-0.066,1.072,0.043,-0.043,190,8,-8,2010
4.193,0.094,-0.094,1.289,0.066,-0.066,235,10,-10,2010
0.534,0.018,-0.018,1.01,0.029,-0.029,90,3,-3,2010
NaN,NaN,NaN,NaN,NaN,NaN,90,3,-3,2010
0.197,0.013,-0.013,0.995,0.052,-0.052,166,9,-9,2010
0.292,0.018,-0.018,1.132,0.072,-0.072,215,15,-15,2010
7.246,0.187,-0.187,0.867,0.033,-0.033,70,3,-3,2010
4.063,0.161,-0.161,1.024,0.092,-0.092,254,19,-19,2010
2.147,0.061,-0.061,1.08,0.058,-0.058,82,3,-3,2010
2.09,0.111,-0.111,1.368,0.09,-0.09,393,25,-25,2010
0.685,0.033,-0.033,1.242,0.067,-0.067,396,20,-20,2010
0.567,0.022,-0.022,1.19,0.081,-0.056,297,17,-13,2010
0.059,0.007,-0.007,0.565,0.072,-0.032,134,18,-8,2010
0.62,0.03,-0.03,1.02,0.07,-0.06,204,14,-14,2011
0.626,0.037,-0.037,1.212,0.113,-0.082,395,34,-26,2011
0.778,0.076,-0.04,1.107,0.136,-0.082,322,35,-21,2011
0.711,0.028,-0.028,1.34,0.065,-0.065,193,8,-8,2011
2.171,0.105,-0.077,1.07,0.24,-0.16,354,74,-51,2011
0.86,0.164,-0.164,1.789,0.025,-0.025,283,5,-5,2011
0.762,0.101,-0.101,1.686,0.045,-0.045,387,9,-9,2011
3.328,0.211,-0.211,1.197,0.128,-0.092,257,22,-17,2011
1.054,0.033,-0.033,1.332,0.098,-0.098,535,32,-32,2011
1.832,0.099,-0.099,1.264,0.071,-0.071,317,17,-17,2011
1.169,0.103,-0.103,1.178,0.077,-0.077,411,26,-26,2011
0.267,0.02,-0.02,0.825,0.092,-0.063,249,26,-19,2012
0.599,0.099,-0.099,1.571,0.108,-0.081,642,29,-29,2012
0.615,0.038,-0.038,1.73,0.062,-0.062,501,16,-16,2012
0.8,0.102,-0.102,1.685,0.076,-0.051,344,12,-8,2012
1.044,0.083,-0.083,1.28,0.153,-0.153,447,41,-41,2012
0.662,0.06,-0.06,1.281,0.062,-0.033,542,22,-16,2012
1.73,0.205,-0.205,1.413,0.128,-0.077,322,24,-13,2014
1.855,0.262,-0.196,1.302,0.162,-0.098,303,38,-23,2012
1.345,0.15,-0.15,1.168,0.03,-0.03,360,11,-11,2013
1.071,0.136,-0.136,1.381,0.035,-0.035,453,11,-11,2013
NaN,NaN,NaN,NaN,NaN,NaN,25.64,0.41,-0.43,2001
NaN,NaN,NaN,NaN,NaN,NaN,25.64,0.41,-0.43,2012
NaN,NaN,NaN,NaN,NaN,NaN,23.44,0.46,-0.48,2009
NaN,NaN,NaN,NaN,NaN,NaN,167.5,25.26,-36.16,2011
NaN,NaN,NaN,NaN,NaN,NaN,7.01,NaN,NaN,2010
NaN,NaN,NaN,NaN,NaN,NaN,89.85,8.28,-10.15,2002
NaN,NaN,NaN,NaN,NaN,NaN,53.71,3.63,-4.2,2005
NaN,NaN,NaN,NaN,NaN,NaN,115.21,8.71,-10.26,2013
NaN,NaN,NaN,NaN,NaN,NaN,11.11,0.09,-0.09,2003
NaN,NaN,NaN,NaN,NaN,NaN,44.05,1.84,-2.01,2007
NaN,NaN,NaN,NaN,NaN,NaN,32.7,1.12,-1.2,2001
NaN,NaN,NaN,NaN,NaN,NaN,21.85,0.26,-0.27,2005
NaN,NaN,NaN,NaN,NaN,NaN,77.82,7,-8.53,2001
NaN,NaN,NaN,NaN,NaN,NaN,77.82,7,-8.53,2014
NaN,NaN,NaN,NaN,NaN,NaN,131.41,14.45,-18.52,2009
NaN,NaN,NaN,NaN,NaN,NaN,56.5,2.99,-3.35,2012
NaN,NaN,NaN,NaN,NaN,NaN,56.5,2.99,-3.35,2012
NaN,NaN,NaN,NaN,NaN,NaN,100,9.17,-11.23,2007
NaN,NaN,NaN,NaN,NaN,NaN,53.28,2.59,-2.87,2009
1.4,NaN,NaN,NaN,NaN,NaN,58.17,2.68,-2.95,2012
NaN,NaN,NaN,NaN,NaN,NaN,150.6,23.21,-33.56,2011
NaN,NaN,NaN,NaN,NaN,NaN,40.32,1.4,-1.5,2003
NaN,NaN,NaN,NaN,NaN,NaN,55.01,2.76,-3.07,2009
NaN,NaN,NaN,NaN,NaN,NaN,35.88,0.87,-0.91,2011
NaN,NaN,NaN,NaN,NaN,NaN,38.52,1.11,-1.18,2011
NaN,NaN,NaN,NaN,NaN,NaN,38.52,1.11,-1.18,2011
NaN,NaN,NaN,NaN,NaN,NaN,16.82,0.17,-0.17,2008
NaN,NaN,NaN,NaN,NaN,NaN,56.34,2.55,-2.8,2010
NaN,NaN,NaN,NaN,NaN,NaN,44.15,1.54,-1.66,2002
NaN,NaN,NaN,NaN,NaN,NaN,38.26,1.12,-1.19,2009
NaN,NaN,NaN,NaN,NaN,NaN,52.85,2.8,-3.14,2009
NaN,NaN,NaN,NaN,NaN,NaN,52.85,2.8,-3.14,2009
NaN,NaN,NaN,NaN,NaN,NaN,39.39,0.94,-0.99,2010
NaN,NaN,NaN,NaN,NaN,NaN,39.39,0.94,-0.99,2010
NaN,NaN,NaN,NaN,NaN,NaN,39.39,0.94,-0.99,2010
NaN,NaN,NaN,NaN,NaN,NaN,39.39,0.94,-0.99,2010
NaN,NaN,NaN,NaN,NaN,NaN,39.39,0.94,-0.99,2010
NaN,NaN,NaN,NaN,NaN,NaN,39.39,0.94,-0.99,2010
NaN,NaN,NaN,NaN,NaN,NaN,17.35,0.19,-0.19,2006
NaN,NaN,NaN,NaN,NaN,NaN,32.56,0.84,-0.88,1999
NaN,NaN,NaN,NaN,NaN,NaN,53.82,2.67,-2.96,2007
NaN,NaN,NaN,NaN,NaN,NaN,53.82,2.67,-2.96,2008
NaN,NaN,NaN,NaN,NaN,NaN,66.49,2.02,-2.14,2005
NaN,NaN,NaN,NaN,NaN,NaN,33.98,1.02,-1.08,2005
NaN,NaN,NaN,NaN,NaN,NaN,33.98,1.02,-1.08,2008
NaN,NaN,NaN,NaN,NaN,NaN,37.16,1.11,-1.18,2000
NaN,NaN,NaN,NaN,NaN,NaN,37.16,1.11,-1.18,2002
NaN,NaN,NaN,NaN,NaN,NaN,300.3,NaN,NaN,2005
NaN,NaN,NaN,NaN,NaN,NaN,66.89,3.6,-4.03,2013
NaN,NaN,NaN,NaN,NaN,NaN,66.89,3.6,-4.03,2013
NaN,NaN,NaN,NaN,NaN,NaN,45.52,1.91,-2.08,2009
NaN,NaN,NaN,NaN,NaN,NaN,35.91,1.71,-1.89,2000
NaN,NaN,NaN,NaN,NaN,NaN,25.54,0.41,-0.42,2008
NaN,NaN,NaN,NaN,NaN,NaN,59.84,3.28,-3.69,2009
NaN,NaN,NaN,NaN,NaN,NaN,50.18,6.2,-8.24,2009
NaN,NaN,NaN,NaN,NaN,NaN,NaN,NaN,NaN,2007
3.191,0.033,-0.033,1.087,0.007,-0.007,78.25,5.15,-5.93,2007
NaN,NaN,NaN,NaN,NaN,NaN,127.88,15.27,-20.05,2011
NaN,NaN,NaN,NaN,NaN,NaN,22.38,0.37,-0.38,2003
NaN,NaN,NaN,NaN,NaN,NaN,6.06,0.02,-0.02,2011
NaN,NaN,NaN,NaN,NaN,NaN,6.06,0.02,-0.02,2011
NaN,NaN,NaN,NaN,NaN,NaN,6.06,0.02,-0.02,2011
NaN,NaN,NaN,NaN,NaN,NaN,36.02,1.11,-1.18,2006
NaN,NaN,NaN,NaN,NaN,NaN,44.5,2.68,-3.05,2008
NaN,NaN,NaN,NaN,NaN,NaN,89.13,5.65,-6.48,2006
NaN,NaN,NaN,NaN,NaN,NaN,34.6,0.66,-0.68,2001
NaN,NaN,NaN,NaN,NaN,NaN,31.79,1.33,-1.45,2011
NaN,NaN,NaN,NaN,NaN,NaN,51.97,2.2,-2.4,2003
NaN,NaN,NaN,NaN,NaN,NaN,46.51,2.13,-2.34,2006
NaN,NaN,NaN,NaN,NaN,NaN,56.05,1.82,-1.95,2010
NaN,NaN,NaN,NaN,NaN,NaN,18.24,0.17,-0.17,2000
NaN,NaN,NaN,NaN,NaN,NaN,44.54,1.5,-1.6,2012
NaN,NaN,NaN,NaN,NaN,NaN,42.37,1.57,-1.7,2005
NaN,NaN,NaN,NaN,NaN,NaN,56.18,1.95,-2.1,2010
NaN,NaN,NaN,NaN,NaN,NaN,39.56,1.62,-1.76,2001
NaN,NaN,NaN,NaN,NaN,NaN,168.92,30.03,-46.6,2011
NaN,NaN,NaN,NaN,NaN,NaN,54.71,2.21,-2.41,2002
NaN,NaN,NaN,NaN,NaN,NaN,26.5,0.61,-0.64,2009
NaN,NaN,NaN,NaN,NaN,NaN,121.07,11.78,-14.62,2011
NaN,NaN,NaN,NaN,NaN,NaN,53.82,3.06,-3.45,2010
NaN,NaN,NaN,NaN,NaN,NaN,117.37,9.84,-11.83,2009
NaN,NaN,NaN,NaN,NaN,NaN,136.8,15.73,-20.43,2011
NaN,NaN,NaN,NaN,NaN,NaN,86.88,6.3,-7.37,2006
NaN,NaN,NaN,NaN,NaN,NaN,20.98,0.23,-0.23,2005
NaN,NaN,NaN,NaN,NaN,NaN,45.01,2.03,-2.23,2009
NaN,NaN,NaN,NaN,NaN,NaN,33.24,1.22,-1.32,2002
NaN,NaN,NaN,NaN,NaN,NaN,33.24,1.22,-1.32,2002
NaN,NaN,NaN,NaN,NaN,NaN,33.24,1.22,-1.32,2005
NaN,NaN,NaN,NaN,NaN,NaN,42.88,2.28,-2.55,2004
NaN,NaN,NaN,NaN,NaN,NaN,42.88,2.28,-2.55,2012
0.34,0.02,-0.02,NaN,NaN,NaN,37.78,0.78,-0.82,2010
NaN,NaN,NaN,NaN,NaN,NaN,42.43,1.59,-1.72,2000
NaN,NaN,NaN,NaN,NaN,NaN,42.43,1.59,-1.72,2000
NaN,NaN,NaN,NaN,NaN,NaN,99.4,14.66,-20.79,2009
NaN,NaN,NaN,NaN,NaN,NaN,18.21,0.15,-0.15,2001
NaN,NaN,NaN,NaN,NaN,NaN,12.83,0.09,-0.09,2008
NaN,NaN,NaN,NaN,NaN,NaN,12.83,0.09,-0.09,2008
NaN,NaN,NaN,NaN,NaN,NaN,12.83,0.09,-0.09,2008
NaN,NaN,NaN,NaN,NaN,NaN,12.83,0.09,-0.09,2012
NaN,NaN,NaN,NaN,NaN,NaN,12.83,0.09,-0.09,2012
NaN,NaN,NaN,NaN,NaN,NaN,12.83,0.09,-0.09,2012
NaN,NaN,NaN,NaN,NaN,NaN,33.33,0.89,-0.94,2002
NaN,NaN,NaN,NaN,NaN,NaN,43.03,1.81,-1.98,2004
NaN,NaN,NaN,NaN,NaN,NaN,43.03,1.81,-1.98,2003
NaN,NaN,NaN,NaN,NaN,NaN,52.03,2.05,-2.23,2013
NaN,NaN,NaN,NaN,NaN,NaN,52.03,2.05,-2.23,2013
NaN,NaN,NaN,NaN,NaN,NaN,54.94,5.88,-7.48,2010
NaN,NaN,NaN,NaN,NaN,NaN,37.05,1.11,-1.18,2008
NaN,NaN,NaN,NaN,NaN,NaN,93.2,9.09,-11.3,2007
NaN,NaN,NaN,NaN,NaN,NaN,50.43,2.47,-2.73,2010
NaN,NaN,NaN,NaN,NaN,NaN,32.58,0.84,-0.88,2008
NaN,NaN,NaN,NaN,NaN,NaN,32.58,0.84,-0.88,2008
NaN,NaN,NaN,NaN,NaN,NaN,48.95,2.24,-2.47,2004
NaN,NaN,NaN,NaN,NaN,NaN,36.14,1.61,-1.77,2008
NaN,NaN,NaN,NaN,NaN,NaN,33.41,1.15,-1.24,2000
NaN,NaN,NaN,NaN,NaN,NaN,37.84,1.21,-1.29,2008
NaN,NaN,NaN,NaN,NaN,NaN,37.84,1.21,-1.29,2008
NaN,NaN,NaN,NaN,NaN,NaN,121.36,7.72,-8.85,2002
NaN,NaN,NaN,NaN,NaN,NaN,87.41,5.18,-5.87,2008
NaN,NaN,NaN,NaN,NaN,NaN,40.73,1.81,-1.98,2002
NaN,NaN,NaN,NaN,NaN,NaN,47.26,1.47,-1.57,2005
NaN,NaN,NaN,NaN,NaN,NaN,31.03,0.94,-1,2002
NaN,NaN,NaN,NaN,NaN,NaN,28.07,0.65,-0.68,2000
NaN,NaN,NaN,NaN,NaN,NaN,25.7,0.43,-0.44,2008
NaN,NaN,NaN,NaN,NaN,NaN,25.7,0.43,-0.44,2008
NaN,NaN,NaN,NaN,NaN,NaN,35.8,1.07,-1.14,2005
NaN,NaN,NaN,NaN,NaN,NaN,10.34,0.09,-0.09,2006
NaN,NaN,NaN,NaN,NaN,NaN,32.62,0.72,-0.75,2009
NaN,NaN,NaN,NaN,NaN,NaN,35.59,0.85,-0.9,2003
NaN,NaN,NaN,NaN,NaN,NaN,35.59,0.85,-0.9,2011
NaN,NaN,NaN,NaN,NaN,NaN,80.06,5.82,-6.82,2012
NaN,NaN,NaN,NaN,NaN,NaN,55.04,3.52,-4.03,2005
NaN,NaN,NaN,NaN,NaN,NaN,58.82,3.14,-3.52,2001
NaN,NaN,NaN,NaN,NaN,NaN,12.58,0.12,-0.12,2006
NaN,NaN,NaN,NaN,NaN,NaN,12.58,0.12,-0.12,2006
NaN,NaN,NaN,NaN,NaN,NaN,12.58,0.12,-0.12,2006
NaN,NaN,NaN,NaN,NaN,NaN,NaN,NaN,NaN,2007
NaN,NaN,NaN,NaN,NaN,NaN,28.76,0.49,-0.5,2003
NaN,NaN,NaN,NaN,NaN,NaN,51.36,2.58,-2.87,2002
NaN,NaN,NaN,NaN,NaN,NaN,53.05,2.7,-3,2008
NaN,NaN,NaN,NaN,NaN,NaN,36.52,1,-1.06,2003
NaN,NaN,NaN,NaN,NaN,NaN,94.61,8.25,-9.99,2002
NaN,NaN,NaN,NaN,NaN,NaN,94.61,8.25,-9.99,2005
NaN,NaN,NaN,NaN,NaN,NaN,96.99,9.43,-11.7,2008
NaN,NaN,NaN,NaN,NaN,NaN,64.56,4.28,-4.93,2003
NaN,NaN,NaN,NaN,NaN,NaN,64.56,4.28,-4.93,2003
NaN,NaN,NaN,NaN,NaN,NaN,28.94,0.46,-0.48,1999
NaN,NaN,NaN,NaN,NaN,NaN,80.58,6.45,-7.68,2007
NaN,NaN,NaN,NaN,NaN,NaN,59.7,2.26,-2.45,2002
0.05,0.015,-0.017,NaN,NaN,NaN,41.27,1.92,-2.11,2012
NaN,NaN,NaN,NaN,NaN,NaN,48.64,2.21,-2.43,2011
3.94,0.11,-0.11,0.98,0.03,-0.03,29.04,NaN,NaN,2001
NaN,NaN,NaN,NaN,NaN,NaN,32.56,1.26,-1.37,2005
NaN,NaN,NaN,NaN,NaN,NaN,88.26,6.09,-7.07,2007
1.681,0.028,-0.028,NaN,NaN,NaN,27.46,0.62,-0.65,2003
1.959,0.047,-0.047,NaN,NaN,NaN,27.46,0.62,-0.65,2003
NaN,NaN,NaN,NaN,NaN,NaN,112.23,10.5,-12.92,2011
NaN,NaN,NaN,NaN,NaN,NaN,43.53,1.64,-1.77,2002
NaN,NaN,NaN,NaN,NaN,NaN,33.96,0.94,-1,2009
NaN,NaN,NaN,NaN,NaN,NaN,11.15,0.1,-0.1,2011
NaN,NaN,NaN,NaN,NaN,NaN,91.16,9.06,-11.3,2006
NaN,NaN,NaN,NaN,NaN,NaN,42.48,1.48,-1.59,2009
NaN,NaN,NaN,NaN,NaN,NaN,72.57,4.08,-4.59,2009
NaN,NaN,NaN,NaN,NaN,NaN,18.06,0.3,-0.31,2009
NaN,NaN,NaN,NaN,NaN,NaN,74.46,5.92,-7.04,2004
NaN,NaN,NaN,NaN,NaN,NaN,30.88,0.92,-0.97,2009
NaN,NaN,NaN,NaN,NaN,NaN,38.99,1.04,-1.09,1999
NaN,NaN,NaN,NaN,NaN,NaN,22.09,0.36,-0.37,2009
NaN,NaN,NaN,NaN,NaN,NaN,32.32,1,-1.07,2000
NaN,NaN,NaN,NaN,NaN,NaN,28.9,0.81,-0.86,2005
5,2,-2,NaN,NaN,NaN,91.57,4.62,-5.14,2013
NaN,NaN,NaN,NaN,NaN,NaN,149.03,19.67,-26.72,2009
NaN,NaN,NaN,NaN,NaN,NaN,132.8,16.39,-21.76,2011
NaN,NaN,NaN,NaN,NaN,NaN,84.03,8.22,-10.22,2009
NaN,NaN,NaN,NaN,NaN,NaN,221.24,NaN,NaN,2011
0.024,0.003,-0.002,0.2,0.009,-0.008,21.3,0.43,-0.45,2010
NaN,NaN,NaN,NaN,NaN,NaN,150.38,18.62,-24.75,2011
NaN,NaN,NaN,NaN,NaN,NaN,42.77,1.75,-1.91,2012
NaN,NaN,NaN,NaN,NaN,NaN,60.46,4.44,-5.2,2005
NaN,NaN,NaN,NaN,NaN,NaN,17.99,1.01,-1.14,2004
NaN,NaN,NaN,NaN,NaN,NaN,17.99,1.01,-1.14,2010
NaN,NaN,NaN,NaN,NaN,NaN,130.89,13.24,-16.6,2011
NaN,NaN,NaN,NaN,NaN,NaN,140.85,15.06,-19.16,2011
NaN,NaN,NaN,NaN,NaN,NaN,52.8,3,-3.38,2007
NaN,NaN,NaN,NaN,NaN,NaN,30.5,0.87,-0.92,2005
NaN,NaN,NaN,NaN,NaN,NaN,42,1.41,-1.52,2005
NaN,NaN,NaN,NaN,NaN,NaN,28.98,0.94,-1.01,2006
NaN,NaN,NaN,NaN,NaN,NaN,164.2,NaN,NaN,2008
NaN,NaN,NaN,NaN,NaN,NaN,9.24,0.06,-0.06,2010
NaN,NaN,NaN,NaN,NaN,NaN,138.5,17.44,-23.31,2011
NaN,NaN,NaN,NaN,NaN,NaN,121.07,12.37,-15.55,2010
NaN,NaN,NaN,NaN,NaN,NaN,49.33,3.34,-3.86,2009
NaN,NaN,NaN,NaN,NaN,NaN,53.08,2.27,-2.48,2013
NaN,NaN,NaN,NaN,NaN,NaN,20.82,0.44,-0.46,2009
NaN,NaN,NaN,NaN,NaN,NaN,102.04,5.14,-5.72,2003
NaN,NaN,NaN,NaN,NaN,NaN,37.44,1.23,-1.32,2002
NaN,NaN,NaN,NaN,NaN,NaN,87.87,7.23,-8.65,2011
NaN,NaN,NaN,NaN,NaN,NaN,36.36,1.93,-2.16,2012
11,2,-2,NaN,NaN,NaN,91.83,7.01,-8.27,2013
NaN,NaN,NaN,NaN,NaN,NaN,51.26,2.5,-2.77,2005
NaN,NaN,NaN,NaN,NaN,NaN,38.56,1,-1.05,2002
NaN,NaN,NaN,NaN,NaN,NaN,138.5,18.02,-24.36,2011
NaN,NaN,NaN,NaN,NaN,NaN,68.54,5.37,-6.37,2002
NaN,NaN,NaN,NaN,NaN,NaN,68.54,5.37,-6.37,2005
NaN,NaN,NaN,NaN,NaN,NaN,65.62,3.16,-3.49,2010
NaN,NaN,NaN,NaN,NaN,NaN,56.92,2.89,-3.22,2013
NaN,NaN,NaN,NaN,NaN,NaN,56.92,2.89,-3.22,2013
NaN,NaN,NaN,NaN,NaN,NaN,59.03,5.98,-7.5,2005
NaN,NaN,NaN,NaN,NaN,NaN,97.66,7.73,-9.18,2009
NaN,NaN,NaN,NaN,NaN,NaN,28.88,0.65,-0.68,2003
NaN,NaN,NaN,NaN,NaN,NaN,37.42,0.73,-0.76,2013
NaN,NaN,NaN,NaN,NaN,NaN,15.71,0.32,-0.34,2010
NaN,NaN,NaN,NaN,NaN,NaN,15.71,0.32,-0.34,2010
NaN,NaN,NaN,NaN,NaN,NaN,28.04,1,-1.08,2003
NaN,NaN,NaN,NaN,NaN,NaN,20.48,0.33,-0.34,2014
NaN,NaN,NaN,NaN,NaN,NaN,40.57,2.24,-2.52,1989
NaN,NaN,NaN,NaN,NaN,NaN,20.43,0.43,-0.45,2001
NaN,NaN,NaN,NaN,NaN,NaN,35,1.15,-1.23,2002
NaN,NaN,NaN,NaN,NaN,NaN,110.62,10.82,-13.45,2011
NaN,NaN,NaN,NaN,NaN,NaN,33.01,0.97,-1.03,2004
NaN,NaN,NaN,NaN,NaN,NaN,38.02,1.3,-1.39,2004
NaN,NaN,NaN,NaN,NaN,NaN,88.57,6,-6.94,2005
NaN,NaN,NaN,NaN,NaN,NaN,97.66,4.46,-4.91,2013
NaN,NaN,NaN,NaN,NaN,NaN,44.37,1.72,-1.87,2003
NaN,NaN,NaN,NaN,NaN,NaN,52.83,3.64,-4.22,2007
NaN,NaN,NaN,NaN,NaN,NaN,52.83,3.64,-4.22,2009
NaN,NaN,NaN,NaN,NaN,NaN,52.83,3.64,-4.22,2009
NaN,NaN,NaN,NaN,NaN,NaN,27.45,0.88,-0.94,2009
NaN,NaN,NaN,NaN,NaN,NaN,68.35,4.98,-5.83,2009
NaN,NaN,NaN,NaN,NaN,NaN,16.57,0.27,-0.28,2002
NaN,NaN,NaN,NaN,NaN,NaN,16.57,0.27,-0.28,2005
NaN,NaN,NaN,NaN,NaN,NaN,67.61,4.8,-5.59,2009
NaN,NaN,NaN,NaN,NaN,NaN,29.76,1.28,-1.4,1999
NaN,NaN,NaN,NaN,NaN,NaN,121.36,12.9,-16.38,2011
NaN,NaN,NaN,NaN,NaN,NaN,70.97,3.68,-4.1,2007
NaN,NaN,NaN,NaN,NaN,NaN,98.52,16.28,-24.33,2011
NaN,NaN,NaN,NaN,NaN,NaN,57.21,2.8,-3.11,2008
NaN,NaN,NaN,NaN,NaN,NaN,25.65,0.63,-0.66,1999
NaN,NaN,NaN,NaN,NaN,NaN,25.65,0.63,-0.66,2009
NaN,NaN,NaN,NaN,NaN,NaN,106.38,7.57,-8.82,2009
NaN,NaN,NaN,NaN,NaN,NaN,121.36,7.46,-8.51,2008
NaN,NaN,NaN,NaN,NaN,NaN,38.45,2.59,-2.99,2011
NaN,NaN,NaN,NaN,NaN,NaN,33.46,1.17,-1.25,2002
NaN,NaN,NaN,NaN,NaN,NaN,106.38,9.67,-11.82,2011
NaN,NaN,NaN,NaN,NaN,NaN,34.57,0.98,-1.03,2003
NaN,NaN,NaN,NaN,NaN,NaN,59.35,4.19,-4.88,2008
NaN,NaN,NaN,NaN,NaN,NaN,126.1,10.63,-12.78,2010
NaN,NaN,NaN,NaN,NaN,NaN,35.87,0.85,-0.9,2005
NaN,NaN,NaN,NaN,NaN,NaN,55.19,3.16,-3.57,2008
NaN,NaN,NaN,NaN,NaN,NaN,42.68,1.66,-1.8,2009
NaN,NaN,NaN,NaN,NaN,NaN,42.68,1.66,-1.8,2009
NaN,NaN,NaN,NaN,NaN,NaN,12.87,0.14,-0.14,2003
NaN,NaN,NaN,NaN,NaN,NaN,53.05,2.75,-3.07,2009
NaN,NaN,NaN,NaN,NaN,NaN,59.28,3.19,-3.58,2009
0.368,0.013,-0.014,0.813,0.027,-0.025,78.86,4.62,-5.24,2005
NaN,NaN,NaN,NaN,NaN,NaN,63.49,4.04,-4.63,2005
NaN,NaN,NaN,NaN,NaN,NaN,85.18,9.19,-11.72,2009
NaN,NaN,NaN,NaN,NaN,NaN,182.82,31.76,-48.67,2011
NaN,NaN,NaN,NaN,NaN,NaN,51.87,3.18,-3.63,2008
NaN,NaN,NaN,NaN,NaN,NaN,18.06,0.18,-0.18,2006
NaN,NaN,NaN,NaN,NaN,NaN,65.79,4.48,-5.18,2008
NaN,NaN,NaN,NaN,NaN,NaN,68.54,4.02,-4.56,2004
NaN,NaN,NaN,NaN,NaN,NaN,68.54,4.02,-4.56,2014
NaN,NaN,NaN,NaN,NaN,NaN,43.4,1.26,-1.34,2007
NaN,NaN,NaN,NaN,NaN,NaN,43.4,1.26,-1.34,2007
NaN,NaN,NaN,NaN,NaN,NaN,35.37,0.76,-0.79,2011
NaN,NaN,NaN,NaN,NaN,NaN,55.1,2.41,-2.64,2009
NaN,NaN,NaN,NaN,NaN,NaN,24.05,0.59,-0.62,2010
NaN,NaN,NaN,NaN,NaN,NaN,49,2.13,-2.34,2007
NaN,NaN,NaN,NaN,NaN,NaN,114.15,10.2,-12.43,2011
NaN,NaN,NaN,NaN,NaN,NaN,68.59,5.42,-6.43,2013
NaN,NaN,NaN,NaN,NaN,NaN,68.59,5.42,-6.43,2013
NaN,NaN,NaN,NaN,NaN,NaN,52.72,2.82,-3.15,2006
NaN,NaN,NaN,NaN,NaN,NaN,52.72,2.82,-3.15,2012
1.676,NaN,NaN,NaN,NaN,NaN,15.28,0.18,-0.19,2000
NaN,NaN,NaN,NaN,NaN,NaN,15.28,0.18,-0.19,2004
0.03321,NaN,NaN,NaN,NaN,NaN,15.28,0.18,-0.19,2004
0.5219,NaN,NaN,NaN,NaN,NaN,15.28,0.18,-0.19,2006
NaN,NaN,NaN,NaN,NaN,NaN,31.26,1.38,-1.52,2002
NaN,NaN,NaN,NaN,NaN,NaN,69.44,2.95,-3.23,2010
NaN,NaN,NaN,NaN,NaN,NaN,69.44,2.95,-3.23,2010
NaN,NaN,NaN,NaN,NaN,NaN,51.81,2.72,-3.04,2010
NaN,NaN,NaN,NaN,NaN,NaN,21.92,0.34,-0.35,2005
NaN,NaN,NaN,NaN,NaN,NaN,37.98,2.48,-2.85,2009
NaN,NaN,NaN,NaN,NaN,NaN,42.99,2.54,-2.88,2012
NaN,NaN,NaN,NaN,NaN,NaN,50,1.24,-1.31,2007
NaN,NaN,NaN,NaN,NaN,NaN,37.88,1.18,-1.26,1998
NaN,NaN,NaN,NaN,NaN,NaN,37.88,1.18,-1.26,2000
NaN,NaN,NaN,NaN,NaN,NaN,43.12,1.71,-1.86,2002
NaN,NaN,NaN,NaN,NaN,NaN,36.32,1.16,-1.24,2000
NaN,NaN,NaN,NaN,NaN,NaN,36.32,1.16,-1.24,2003
NaN,NaN,NaN,NaN,NaN,NaN,64.98,4.37,-5.05,2007
NaN,NaN,NaN,NaN,NaN,NaN,NaN,NaN,NaN,2007
NaN,NaN,NaN,NaN,NaN,NaN,44.05,2.33,-2.61,2009
NaN,NaN,NaN,NaN,NaN,NaN,134.95,9.01,-10.4,2008
NaN,NaN,NaN,NaN,NaN,NaN,67.02,3.85,-4.35,2009
NaN,NaN,NaN,NaN,NaN,NaN,127.55,16.07,-21.48,2007
NaN,NaN,NaN,NaN,NaN,NaN,59.03,2.54,-2.77,1999
NaN,NaN,NaN,NaN,NaN,NaN,59.03,2.54,-2.77,2010
NaN,NaN,NaN,NaN,NaN,NaN,46.73,8.78,-14.06,2001
NaN,NaN,NaN,NaN,NaN,NaN,63.69,3.6,-4.06,2008
NaN,NaN,NaN,NaN,NaN,NaN,27.05,0.57,-0.6,2000
22,NaN,NaN,NaN,NaN,NaN,131.75,10.25,-12.13,2010
NaN,NaN,NaN,NaN,NaN,NaN,114.55,11.77,-14.82,2009
NaN,NaN,NaN,NaN,NaN,NaN,115.47,11.09,-13.73,2009
NaN,NaN,NaN,NaN,NaN,NaN,55.93,3.82,-4.42,2009
NaN,NaN,NaN,NaN,NaN,NaN,26.15,0.76,-0.81,2008
NaN,NaN,NaN,NaN,NaN,NaN,26.15,0.76,-0.81,2008
NaN,NaN,NaN,NaN,NaN,NaN,26.15,0.76,-0.81,2008
NaN,NaN,NaN,NaN,NaN,NaN,52.83,2.8,-3.13,2004
NaN,NaN,NaN,NaN,NaN,NaN,52.83,2.8,-3.13,2008
NaN,NaN,NaN,NaN,NaN,NaN,47.37,1.6,-1.72,2006
NaN,NaN,NaN,NaN,NaN,NaN,47.92,1.58,-1.69,1998
NaN,NaN,NaN,NaN,NaN,NaN,47.92,1.58,-1.69,1999
NaN,NaN,NaN,NaN,NaN,NaN,44.98,2.19,-2.43,2006
NaN,NaN,NaN,NaN,NaN,NaN,52.63,2.51,-2.77,2004
1.15,0.039,-0.039,1.151,0.038,-0.038,19.25,0.32,-0.33,2005
NaN,NaN,NaN,NaN,NaN,NaN,62.11,2.97,-3.29,2002
NaN,NaN,NaN,NaN,NaN,NaN,15.89,0.16,-0.16,2003
NaN,NaN,NaN,NaN,NaN,NaN,15.89,0.16,-0.16,2005
NaN,NaN,NaN,NaN,NaN,NaN,54.23,3.05,-3.44,2007
NaN,NaN,NaN,NaN,NaN,NaN,189.39,36.26,-58.74,2009
NaN,NaN,NaN,NaN,NaN,NaN,19.89,0.44,-0.46,1999
NaN,NaN,NaN,NaN,NaN,NaN,8.82,0.07,-0.07,2011
NaN,NaN,NaN,NaN,NaN,NaN,8.82,0.07,-0.07,2011
NaN,NaN,NaN,NaN,NaN,NaN,67.39,3.89,-4.4,2007
NaN,NaN,NaN,NaN,NaN,NaN,37.35,1.2,-1.28,1999
NaN,NaN,NaN,NaN,NaN,NaN,46.93,1.92,-2.09,2002
NaN,NaN,NaN,NaN,NaN,NaN,43.57,3.65,-4.39,2012
NaN,NaN,NaN,NaN,NaN,NaN,32.99,0.86,-0.91,2007
NaN,NaN,NaN,NaN,NaN,NaN,32.83,0.63,-0.66,2011
NaN,NaN,NaN,NaN,NaN,NaN,68.35,4.5,-5.18,2010
NaN,NaN,NaN,NaN,NaN,NaN,68.35,4.5,-5.18,2010
NaN,NaN,NaN,NaN,NaN,NaN,46.34,2.33,-2.58,2002
NaN,NaN,NaN,NaN,NaN,NaN,46.34,2.33,-2.58,2004
24.09,8.379,-11.521,NaN,NaN,NaN,40.85,1.68,-1.83,2006
NaN,NaN,NaN,NaN,NaN,NaN,47.3,2.26,-2.5,2009
NaN,NaN,NaN,NaN,NaN,NaN,47.3,2.26,-2.5,2012
NaN,NaN,NaN,NaN,NaN,NaN,26.95,0.88,-0.95,2011
NaN,NaN,NaN,NaN,NaN,NaN,90.33,8.3,-10.17,2008
NaN,NaN,NaN,NaN,NaN,NaN,170.07,27.01,-39.58,2009
0.56,0.06,-0.03,NaN,NaN,NaN,55.31,3.42,-3.9,2012
0.73,0.18,-0.05,NaN,NaN,NaN,55.31,3.42,-3.9,2012
NaN,NaN,NaN,NaN,NaN,NaN,352.11,75.1,-130.98,2012
NaN,NaN,NaN,NaN,NaN,NaN,43.99,1.87,-2.05,2004
0.714,0.017,-0.017,1.38,0.017,-0.017,47.08,2.12,-2.33,1999
NaN,NaN,NaN,NaN,NaN,NaN,21.29,0.35,-0.36,1998
1.9,NaN,NaN,NaN,NaN,NaN,55.93,2.22,-2.41,2007
NaN,NaN,NaN,NaN,NaN,NaN,121.8,13.93,-18.06,2009
NaN,NaN,NaN,NaN,NaN,NaN,52.72,1.95,-2.11,2005
NaN,NaN,NaN,NaN,NaN,NaN,40.75,1.3,-1.39,2001
NaN,NaN,NaN,NaN,NaN,NaN,43.53,2.25,-2.51,2009
NaN,NaN,NaN,NaN,NaN,NaN,43.53,2.25,-2.51,2009
NaN,NaN,NaN,NaN,NaN,NaN,33.29,0.79,-0.83,2002
NaN,NaN,NaN,NaN,NaN,NaN,26.52,0.4,-0.41,2002
NaN,NaN,NaN,NaN,NaN,NaN,37.89,1.46,-1.59,2003
NaN,NaN,NaN,NaN,NaN,NaN,19.72,0.29,-0.3,1998
NaN,NaN,NaN,NaN,NaN,NaN,19.72,0.29,-0.3,2005
NaN,NaN,NaN,NaN,NaN,NaN,54.92,2.78,-3.09,2010
NaN,NaN,NaN,NaN,NaN,NaN,29.94,1.03,-1.11,2010
NaN,NaN,NaN,NaN,NaN,NaN,29.2,0.51,-0.53,2012
1,NaN,NaN,NaN,NaN,NaN,NaN,NaN,NaN,2012
NaN,NaN,NaN,NaN,NaN,NaN,81.1,6.14,-7.24,2007
NaN,NaN,NaN,NaN,NaN,NaN,289.02,42.71,-60.63,2012
NaN,NaN,NaN,NaN,NaN,NaN,45.23,1.81,-1.96,2012
NaN,NaN,NaN,NaN,NaN,NaN,48.43,2.32,-2.57,2011
NaN,NaN,NaN,NaN,NaN,NaN,52.88,2.2,-2.4,2007
NaN,NaN,NaN,NaN,NaN,NaN,50.45,2,-2.18,2011
NaN,NaN,NaN,NaN,NaN,NaN,41.95,1.87,-2.05,1999
NaN,NaN,NaN,NaN,NaN,NaN,94.07,9.33,-11.64,2006
NaN,NaN,NaN,NaN,NaN,NaN,108.46,11.94,-15.3,2007
NaN,NaN,NaN,NaN,NaN,NaN,NaN,NaN,NaN,2013
NaN,NaN,NaN,NaN,NaN,NaN,NaN,NaN,NaN,2009
NaN,NaN,NaN,NaN,NaN,NaN,307.69,NaN,NaN,2011
NaN,NaN,NaN,NaN,NaN,NaN,54.92,4.02,-4.72,2009
NaN,NaN,NaN,NaN,NaN,NaN,9.42,0.22,-0.23,2008
NaN,NaN,NaN,NaN,NaN,NaN,50.2,3.49,-4.06,2004
NaN,NaN,NaN,NaN,NaN,NaN,44.8,3.89,-4.7,2009
15.04,10.55,-10.55,NaN,NaN,NaN,44.8,3.89,-4.7,2011
NaN,NaN,NaN,NaN,NaN,NaN,23.8,0.86,-0.93,2010
NaN,NaN,NaN,NaN,NaN,NaN,52.88,3.77,-4.39,2005
NaN,NaN,NaN,NaN,NaN,NaN,52.88,3.77,-4.39,2006
NaN,NaN,NaN,NaN,NaN,NaN,52.88,3.77,-4.39,2009
NaN,NaN,NaN,NaN,NaN,NaN,11.03,0.36,-0.38,2010
NaN,NaN,NaN,NaN,NaN,NaN,25.87,0.71,-0.75,2011
NaN,NaN,NaN,NaN,NaN,NaN,25.87,0.71,-0.75,2011
NaN,NaN,NaN,NaN,NaN,NaN,25.87,0.71,-0.75,2011
6.28536,NaN,NaN,1.22,NaN,NaN,11.43,0.19,-0.2,2010
NaN,NaN,NaN,NaN,NaN,NaN,149.25,13.94,-17.14,2013
NaN,NaN,NaN,NaN,NaN,NaN,23.98,1.11,-1.22,2009
NaN,NaN,NaN,NaN,NaN,NaN,31.33,0.49,-0.51,2002
23.04,4,-4,NaN,NaN,NaN,131.93,14.28,-18.22,2010
NaN,NaN,NaN,NaN,NaN,NaN,14.9,0.75,-0.83,2009
NaN,NaN,NaN,NaN,NaN,NaN,44.46,1.38,-1.47,2013
NaN,NaN,NaN,NaN,NaN,NaN,17.24,0.16,-0.17,1999
7,4,-2,1.2,0.1,-0.1,39.94,1.31,-1.4,2008
10,3,-3,1.2,0.1,0,39.94,1.31,-1.4,2008
10,3,-3,1.2,0.1,0,39.94,1.31,-1.4,2008
NaN,NaN,NaN,NaN,NaN,NaN,39.94,1.31,-1.4,2010
27.23,0.5,-0.48,1.11,0.032,-0.022,262,14,-14,2012
1.522,0.078,-0.077,1.286,0.065,-0.047,124.22,16.58,-22.62,2012
1.477,0.066,-0.064,1.345,0.072,-0.072,178,16,-16,2013
0.43,0.045,-0.046,1.193,0.13,-0.077,222,8,-8,2014
1.199,0.052,-0.052,1.272,0.041,-0.041,213,11,-11,2006
1.776,0.077,-0.077,1.342,0.068,-0.068,320,50,-40,2008
0.081,0.009,-0.009,0.422,0.014,-0.014,38,1.3,-1.3,2008
0.077,0.012,-0.012,0.357,0.019,-0.019,550,80,-80,2009
2.114,0.056,-0.059,1.431,0.041,-0.052,NaN,NaN,NaN,2009
0.669,0.025,-0.03,1.323,0.026,-0.029,NaN,NaN,NaN,2009
0.433,0.04,-0.041,1.478,0.05,-0.051,NaN,NaN,NaN,2009
0.603,0.13,-0.19,1.419,0.056,-0.058,1330,180,-180,2010
0.252,0.013,-0.013,0.842,0.069,-0.069,650,NaN,NaN,2010
0.171,0.013,-0.013,0.823,0.067,-0.067,650,NaN,NaN,2010
NaN,NaN,NaN,0.146,0.017,-0.012,650,NaN,NaN,2010
0.014,0.004,-0.004,0.126,0.003,-0.003,173,27,-27,2011
0.063,NaN,NaN,0.199,0.005,-0.005,173,27,-27,2011
0.006,0.004,-0.003,0.161,0.003,-0.004,613,NaN,NaN,2010
0.009,0.009,-0.005,0.256,0.004,-0.005,613,NaN,NaN,2010
0.023,0.003,-0.005,0.278,0.005,-0.006,613,NaN,NaN,2010
0.025,0.005,-0.007,0.374,0.006,-0.008,613,NaN,NaN,2010
0.006,0.003,-0.003,0.222,0.004,-0.006,613,NaN,NaN,2010
0.079,NaN,NaN,0.297,0.005,-0.007,613,NaN,NaN,2010
0.431,0.041,-0.04,1.695,0.028,-0.032,600,NaN,NaN,2011
NaN,NaN,NaN,1.83,NaN,NaN,NaN,NaN,NaN,2011
8.4,0.35,-0.34,1.136,0.073,-0.054,980,NaN,NaN,2011
0.66,0.08,-0.09,0.96,0.06,-0.07,NaN,NaN,NaN,2011
0.333,0.016,-0.016,0.754,0.003,-0.003,61,NaN,NaN,2011
2.45,0.11,-0.11,1.31,0.02,-0.02,800,100,-100,2011
0.022,0.011,-0.011,0.178,0.009,-0.009,NaN,NaN,NaN,2011
0.054,0.006,-0.006,0.49,0.023,-0.023,NaN,NaN,NaN,2011
0.052,0.004,-0.004,0.623,0.029,-0.029,NaN,NaN,NaN,2011
0.064,NaN,NaN,0.197,0.004,-0.004,2119,NaN,NaN,2011
6,NaN,NaN,NaN,NaN,NaN,2119,NaN,NaN,2011
0.027,0.007,-0.007,0.17,0.011,-0.019,290,30,-30,2011
0.051,0.01,-0.012,0.274,0.018,-0.028,290,30,-30,2011
0.063,NaN,NaN,0.245,0.015,-0.027,290,30,-30,2011
0.01,NaN,NaN,0.077,0.007,-0.009,290,30,-30,2011
0.045,NaN,NaN,0.092,0.009,-0.012,290,30,-30,2011
0.033,NaN,NaN,0.146,0.003,-0.004,108,10,-10,2011
0.113,NaN,NaN,0.212,0.012,-0.012,190,NaN,NaN,2011
0.8,NaN,NaN,0.17,NaN,NaN,800,NaN,NaN,2011
2.7,NaN,NaN,0.285,NaN,NaN,800,NaN,NaN,2011
NaN,NaN,NaN,0.196,0.008,-0.008,800,NaN,NaN,2014
1.6,NaN,NaN,0.214,NaN,NaN,1200,NaN,NaN,2011
1.6,NaN,NaN,0.25,NaN,NaN,1200,NaN,NaN,2011
NaN,NaN,NaN,0.149,0.035,-0.035,1200,NaN,NaN,2014
NaN,NaN,NaN,0.248,0.057,-0.057,1200,NaN,NaN,2014
12.7,NaN,NaN,0.232,NaN,NaN,NaN,NaN,NaN,2011
4.16,NaN,NaN,0.401,NaN,NaN,NaN,NaN,NaN,2011
0.283,0.043,-0.043,NaN,NaN,NaN,NaN,NaN,NaN,2014
0.38,NaN,NaN,0.321,NaN,NaN,NaN,NaN,NaN,2011
0.375,NaN,NaN,0.321,NaN,NaN,NaN,NaN,NaN,2011
NaN,NaN,NaN,0.095,0.005,-0.005,NaN,NaN,NaN,2014
NaN,NaN,NaN,0.215,0.013,-0.013,NaN,NaN,NaN,2014
9.11,NaN,NaN,0.357,NaN,NaN,NaN,NaN,NaN,2011
13.8,NaN,NaN,0.437,NaN,NaN,NaN,NaN,NaN,2011
1.51,NaN,NaN,0.321,NaN,NaN,NaN,NaN,NaN,2011
1.36,NaN,NaN,0.303,NaN,NaN,NaN,NaN,NaN,2011
0.4,NaN,NaN,0.321,0.045,-0.045,1400,NaN,NaN,2011
0.3,NaN,NaN,0.259,0.036,-0.036,1400,NaN,NaN,2011
0.036,0.004,-0.004,0.348,0.018,-0.018,1400,NaN,NaN,2012
2.01,0.16,-0.16,1.097,0.036,-0.036,1400,NaN,NaN,2012
0.073,0.008,-0.008,0.785,0.045,-0.045,1400,NaN,NaN,2012
NaN,NaN,NaN,0.491,0.098,-0.098,2100,NaN,NaN,2011
4.7,NaN,NaN,0.473,0.098,-0.098,2100,NaN,NaN,2011
NaN,NaN,NaN,0.407,0.099,-0.099,2100,NaN,NaN,2014
4.1,NaN,NaN,0.196,0.018,-0.018,303,14,-14,2011
0.5,NaN,NaN,0.178,0.018,-0.018,303,14,-14,2011
NaN,NaN,NaN,0.241,0.009,-0.009,303,14,-14,2012
NaN,NaN,NaN,0.134,0.009,-0.009,303,14,-14,2012
NaN,NaN,NaN,0.072,0.004,-0.004,303,14,-14,2012
NaN,NaN,NaN,0.155,0.016,-0.016,NaN,NaN,NaN,2011
NaN,NaN,NaN,0.285,0.027,-0.027,NaN,NaN,NaN,2011
NaN,NaN,NaN,0.477,0.044,-0.044,NaN,NaN,NaN,2011
NaN,NaN,NaN,0.359,0.034,-0.034,NaN,NaN,NaN,2011
NaN,NaN,NaN,0.398,0.037,-0.037,NaN,NaN,NaN,2011
0.22,0.011,-0.01,0.764,0.012,-0.014,1499,33,-33,2011
0.127,0.02,-0.02,0.728,0.014,-0.014,1645,43,-43,2011
0.014,0.001,-0.001,0.133,0.003,-0.003,470,NaN,NaN,2012
0.025,0.002,-0.001,0.328,0.005,-0.005,470,NaN,NaN,2012
NaN,NaN,NaN,0.027,0.005,-0.007,66,NaN,NaN,2013
NaN,NaN,NaN,0.066,0.006,-0.007,66,NaN,NaN,2013
NaN,NaN,NaN,0.178,0.01,-0.012,66,NaN,NaN,2013
0.384,NaN,NaN,0.384,0.01,-0.01,600,NaN,NaN,2012
18,0.93,-0.91,1.22,0.12,-0.1,1200,250,-250,2011
2.2,0.4,-0.4,1.17,0.04,-0.04,2700,200,-200,2010
0.55,0.09,-0.09,0.89,0.05,-0.05,770,100,-100,2011
NaN,NaN,NaN,0.07,0.02,-0.02,38.7,6.3,-6.3,2011
NaN,NaN,NaN,0.065,0.018,-0.018,38.7,6.3,-6.3,2011
NaN,NaN,NaN,0.051,0.016,-0.016,38.7,6.3,-6.3,2011
3.23,0.19,-0.19,1.2,0.06,-0.06,1950,250,-250,2011
1.02,0.07,-0.07,1.24,0.07,-0.07,2250,300,-300,2011
0.505,0.09,-0.09,0.96,0.11,-0.11,333,33,-33,2011
6,NaN,NaN,0.808,0.042,-0.043,855,68,-65,2012
0.376,0.021,-0.019,NaN,NaN,NaN,855,68,-65,2012
NaN,NaN,NaN,0.146,0.082,-0.082,855,68,-65,2014
2,NaN,NaN,0.27,0.011,-0.011,1500,NaN,NaN,2012
28,NaN,NaN,0.411,0.018,-0.018,1500,NaN,NaN,2012
5.94,NaN,NaN,0.191,NaN,NaN,NaN,NaN,NaN,2012
11.61,NaN,NaN,0.28,NaN,NaN,NaN,NaN,NaN,2012
0.025,0.0145,-0.0145,0.182,0.01,-0.01,NaN,NaN,NaN,2014
2.067,0.079,-0.079,NaN,NaN,NaN,NaN,NaN,NaN,2014
0.98,NaN,NaN,0.243,NaN,NaN,NaN,NaN,NaN,2012
0.72,NaN,NaN,0.227,NaN,NaN,NaN,NaN,NaN,2012
NaN,NaN,NaN,0.143,0.006,-0.006,NaN,NaN,NaN,2014
NaN,NaN,NaN,0.139,0.007,-0.007,NaN,NaN,NaN,2014
NaN,NaN,NaN,0.153,0.004,-0.009,NaN,NaN,NaN,2012
NaN,NaN,NaN,0.194,0.006,-0.007,NaN,NaN,NaN,2012
0.007,0.005,-0.003,0.633,0.027,-0.027,NaN,NaN,NaN,2012
0.013,0.001,-0.001,0.803,0.25,-0.152,NaN,NaN,NaN,2012
0.024,0.003,-0.003,0.865,0.045,-0.045,NaN,NaN,NaN,2014
8.7,NaN,NaN,0.187,NaN,NaN,NaN,NaN,NaN,2012
10.41,NaN,NaN,0.164,NaN,NaN,NaN,NaN,NaN,2012
NaN,NaN,NaN,0.174,0.019,-0.019,NaN,NaN,NaN,2014
18.41,NaN,NaN,0.258,NaN,NaN,NaN,NaN,NaN,2012
NaN,NaN,NaN,0.283,NaN,NaN,NaN,NaN,NaN,2012
NaN,NaN,NaN,0.189,0.094,-0.094,NaN,NaN,NaN,2014
0.92,NaN,NaN,0.187,NaN,NaN,NaN,NaN,NaN,2012
0.37,NaN,NaN,0.11,NaN,NaN,NaN,NaN,NaN,2012
NaN,NaN,NaN,0.136,0.007,-0.007,NaN,NaN,NaN,2014
1.49,NaN,NaN,0.217,NaN,NaN,NaN,NaN,NaN,2012
1.11,NaN,NaN,0.197,NaN,NaN,NaN,NaN,NaN,2012
NaN,NaN,NaN,0.142,0.008,-0.008,NaN,NaN,NaN,2014
NaN,NaN,NaN,0.138,0.021,-0.021,NaN,NaN,NaN,2014
NaN,NaN,NaN,0.142,0.009,-0.009,NaN,NaN,NaN,2014
0.07,0.012,-0.011,0.581,0.026,-0.025,NaN,NaN,NaN,2012
0.57,0.066,-0.06,0.874,0.041,-0.041,NaN,NaN,NaN,2012
18.86,NaN,NaN,0.195,NaN,NaN,NaN,NaN,NaN,2012
6.95,NaN,NaN,0.138,NaN,NaN,NaN,NaN,NaN,2012
1.39,NaN,NaN,0.248,NaN,NaN,NaN,NaN,NaN,2012
2.19,NaN,NaN,0.255,NaN,NaN,NaN,NaN,NaN,2012
NaN,NaN,NaN,0.262,0.125,-0.125,NaN,NaN,NaN,2014
2.05,NaN,NaN,0.098,NaN,NaN,NaN,NaN,NaN,2012
1.37,NaN,NaN,0.177,NaN,NaN,NaN,NaN,NaN,2012
0.25,NaN,NaN,0.203,NaN,NaN,NaN,NaN,NaN,2012
0.56,NaN,NaN,0.22,NaN,NaN,NaN,NaN,NaN,2012
0.68,NaN,NaN,0.227,NaN,NaN,NaN,NaN,NaN,2012
NaN,NaN,NaN,0.192,0.012,-0.012,NaN,NaN,NaN,2013
0.03,NaN,NaN,0.117,0.004,-0.004,368,NaN,NaN,2013
0.013,NaN,NaN,0.048,0.003,-0.003,368,NaN,NaN,2013
0.044,NaN,NaN,0.174,0.006,-0.006,368,NaN,NaN,2013
0.113,NaN,NaN,0.144,0.004,-0.004,368,NaN,NaN,2013
0.11,NaN,NaN,0.126,0.006,-0.006,368,NaN,NaN,2013
0.378,NaN,NaN,0.545,0.018,-0.018,200,15,-15,2013
0.531,NaN,NaN,0.551,0.015,-0.015,1000,NaN,NaN,2012
NaN,NaN,NaN,0.127,0.003,-0.003,NaN,NaN,NaN,2012
NaN,NaN,NaN,0.23,0.005,-0.005,NaN,NaN,NaN,2012
NaN,NaN,NaN,0.136,0.004,-0.004,NaN,NaN,NaN,2012
NaN,NaN,NaN,0.25,0.014,-0.014,1107,90,-90,2013
NaN,NaN,NaN,0.262,0.014,-0.014,1107,90,-90,2013
0.026,0.007,-0.008,0.206,0.005,-0.008,135,10,-10,2012
0.015,0.008,-0.011,0.085,0.003,-0.004,135,10,-10,2012
NaN,NaN,NaN,NaN,NaN,NaN,135,10,-10,2012
NaN,NaN,NaN,0.2,0.039,-0.026,NaN,NaN,NaN,2013
NaN,NaN,NaN,0.153,0.03,-0.021,NaN,NaN,NaN,2013
0.0014,NaN,NaN,0.068,NaN,NaN,1180,95,-95,2011
0.0021,NaN,NaN,0.077,NaN,NaN,1180,95,-95,2011
NaN,NaN,NaN,1.11,0.02,-0.02,800,NaN,NaN,2010
0.68,0.09,-0.09,1.32,0.14,-0.14,1330,170,-170,2013
9.9,0.5,-0.5,1.03,0.06,-0.06,1140,250,-160,2013
2,0.26,-0.26,1.25,0.08,-0.08,NaN,NaN,NaN,2013
0.43,0.032,-0.032,0.96,0.016,-0.016,570,70,-70,2013
0.006,0.001,-0.001,0.105,0.014,-0.008,NaN,NaN,NaN,2013
NaN,NaN,NaN,0.231,0.073,-0.073,NaN,NaN,NaN,2012
NaN,NaN,NaN,0.247,0.079,-0.079,NaN,NaN,NaN,2012
NaN,NaN,NaN,0.677,0.121,-0.121,NaN,NaN,NaN,2014
NaN,NaN,NaN,0.3,0.062,-0.062,NaN,NaN,NaN,2014
NaN,NaN,NaN,0.236,0.01,-0.01,NaN,NaN,NaN,2012
NaN,NaN,NaN,0.249,0.012,-0.012,NaN,NaN,NaN,2012
NaN,NaN,NaN,0.155,0.018,-0.018,NaN,NaN,NaN,2014
NaN,NaN,NaN,0.146,0.019,-0.019,NaN,NaN,NaN,2014
NaN,NaN,NaN,0.216,0.034,-0.034,NaN,NaN,NaN,2012
NaN,NaN,NaN,0.211,0.033,-0.033,NaN,NaN,NaN,2012
NaN,NaN,NaN,0.108,0.024,-0.024,NaN,NaN,NaN,2014
NaN,NaN,NaN,0.357,0.162,-0.162,NaN,NaN,NaN,2012
NaN,NaN,NaN,0.477,0.218,-0.218,NaN,NaN,NaN,2012
NaN,NaN,NaN,0.158,0.024,-0.024,NaN,NaN,NaN,2014
NaN,NaN,NaN,0.22,0.033,-0.033,NaN,NaN,NaN,2014
NaN,NaN,NaN,0.252,0.037,-0.037,NaN,NaN,NaN,2012
NaN,NaN,NaN,0.211,0.031,-0.031,NaN,NaN,NaN,2012
NaN,NaN,NaN,0.173,0.012,-0.012,NaN,NaN,NaN,2014
NaN,NaN,NaN,0.199,0.009,-0.009,NaN,NaN,NaN,2012
NaN,NaN,NaN,0.211,0.01,-0.01,NaN,NaN,NaN,2012
NaN,NaN,NaN,0.123,0.024,-0.024,NaN,NaN,NaN,2014
NaN,NaN,NaN,0.232,0.044,-0.044,NaN,NaN,NaN,2014
NaN,NaN,NaN,0.196,0.038,-0.038,NaN,NaN,NaN,2014
NaN,NaN,NaN,0.176,0.009,-0.009,NaN,NaN,NaN,2012
NaN,NaN,NaN,0.194,0.009,-0.009,NaN,NaN,NaN,2012
NaN,NaN,NaN,0.107,0.017,-0.017,NaN,NaN,NaN,2014
NaN,NaN,NaN,0.113,0.018,-0.018,NaN,NaN,NaN,2014
NaN,NaN,NaN,0.903,0.05,-0.05,NaN,NaN,NaN,2013
1.02,0.028,-0.028,1.204,0.049,-0.049,NaN,NaN,NaN,2013
0.02,0.003,-0.003,0.548,0.026,-0.026,NaN,NaN,NaN,2013
0.027,0.008,-0.008,0.337,0.035,-0.032,339,25,-23,2013
0.626,0.029,-0.033,NaN,NaN,NaN,339,25,-23,2013
0.033,0.014,-0.014,0.153,0.014,-0.014,NaN,NaN,NaN,2013
0.049,0.018,-0.049,0.385,0.037,-0.037,NaN,NaN,NaN,2013
0.334,0.035,-0.035,1.005,0.095,-0.095,NaN,NaN,NaN,2013
0.11,0.057,-0.088,0.585,0.055,-0.055,NaN,NaN,NaN,2013
NaN,NaN,NaN,0.117,0.015,-0.015,780,100,-100,2013
NaN,NaN,NaN,0.106,0.012,-0.012,780,100,-100,2013
NaN,NaN,NaN,0.256,0.027,-0.027,780,100,-100,2013
NaN,NaN,NaN,0.237,0.026,-0.026,780,100,-100,2013
NaN,NaN,NaN,0.257,0.046,-0.046,780,100,-100,2013
NaN,NaN,NaN,0.723,0.071,-0.071,780,100,-100,2013
NaN,NaN,NaN,1.008,0.089,-0.089,780,100,-100,2013
0.88,0.17,-0.33,1.384,0.011,-0.054,1030,150,-130,2013
0.202,0.044,-0.044,0.313,0.009,-0.009,NaN,NaN,NaN,2013
0.019,0.006,-0.006,0.232,0.007,-0.007,NaN,NaN,NaN,2013
0.008,0.006,-0.006,0.134,0.003,-0.003,NaN,NaN,NaN,2014
3,NaN,NaN,NaN,NaN,NaN,NaN,NaN,NaN,2014
0.034,0.004,-0.004,0.313,0.013,-0.013,NaN,NaN,NaN,2014
9.836,0.629,-0.629,NaN,NaN,NaN,NaN,NaN,NaN,2014
0.041,0.009,-0.009,0.305,0.008,-0.008,NaN,NaN,NaN,2014
0.027,0.011,-0.011,0.238,0.02,-0.02,NaN,NaN,NaN,2014
0.011,0.006,-0.006,0.132,0.012,-0.012,NaN,NaN,NaN,2014
1.08,NaN,NaN,NaN,NaN,NaN,NaN,NaN,NaN,2014
0.011,0.005,-0.005,0.178,0.02,-0.02,NaN,NaN,NaN,2014
0.019,0.004,-0.004,0.132,0.007,-0.007,NaN,NaN,NaN,2014
0.023,0.01,-0.01,0.118,0.004,-0.004,NaN,NaN,NaN,2014
0.003,0.013,-0.013,0.196,0.004,-0.004,NaN,NaN,NaN,2014
0.009,NaN,NaN,0.144,0.004,-0.004,NaN,NaN,NaN,2014
NaN,NaN,NaN,0.524,0.13,-0.13,NaN,NaN,NaN,2014
NaN,NaN,NaN,0.119,0.03,-0.03,NaN,NaN,NaN,2014
0.001,0.005,-0.005,0.042,0.002,-0.002,NaN,NaN,NaN,2014
0.009,NaN,NaN,0.052,0.002,-0.002,NaN,NaN,NaN,2014
0.012,0.006,-0.006,0.105,0.004,-0.004,NaN,NaN,NaN,2014
0.028,0.006,-0.006,0.198,0.006,-0.006,NaN,NaN,NaN,2013
0.002,0.01,-0.01,0.079,0.003,-0.003,NaN,NaN,NaN,2014
0.031,0.027,-0.027,0.301,0.008,-0.008,NaN,NaN,NaN,2014
0.114,0.079,-0.079,0.459,0.012,-0.012,NaN,NaN,NaN,2014
NaN,NaN,NaN,0.277,0.047,-0.047,NaN,NaN,NaN,2014
NaN,NaN,NaN,0.279,0.049,-0.049,NaN,NaN,NaN,2014
NaN,NaN,NaN,0.319,0.054,-0.054,NaN,NaN,NaN,2014
NaN,NaN,NaN,0.429,0.136,-0.136,NaN,NaN,NaN,2013
NaN,NaN,NaN,0.144,0.03,-0.03,NaN,NaN,NaN,2014
0.0005,0.0088,-0.0088,0.073,0.01,-0.01,NaN,NaN,NaN,2014
0.033,0.01,-0.01,0.223,0.029,-0.029,NaN,NaN,NaN,2014
0.025,NaN,NaN,0.085,0.012,-0.012,NaN,NaN,NaN,2014
0.035,0.018,-0.018,0.228,0.029,-0.029,NaN,NaN,NaN,2014
NaN,NaN,NaN,0.139,0.005,-0.005,NaN,NaN,NaN,2014
NaN,NaN,NaN,0.161,0.016,-0.016,NaN,NaN,NaN,2014
NaN,NaN,NaN,0.095,0.005,-0.005,NaN,NaN,NaN,2014
NaN,NaN,NaN,0.308,0.022,-0.022,NaN,NaN,NaN,2014
NaN,NaN,NaN,0.772,0.043,-0.043,NaN,NaN,NaN,2014
NaN,NaN,NaN,0.73,0.045,-0.045,NaN,NaN,NaN,2014
0.004,0.017,-0.017,0.211,0.006,-0.006,NaN,NaN,NaN,2014
0.007,0.025,-0.025,0.225,0.006,-0.006,NaN,NaN,NaN,2014
NaN,NaN,NaN,0.163,0.032,-0.032,NaN,NaN,NaN,2014
NaN,NaN,NaN,0.197,0.039,-0.039,NaN,NaN,NaN,2014
NaN,NaN,NaN,0.141,0.018,-0.018,NaN,NaN,NaN,2014
NaN,NaN,NaN,0.651,0.081,-0.081,NaN,NaN,NaN,2014
NaN,NaN,NaN,0.211,0.051,-0.051,NaN,NaN,NaN,2014
NaN,NaN,NaN,0.214,0.052,-0.052,NaN,NaN,NaN,2014
0.037,0.013,-0.013,0.162,0.004,-0.004,NaN,NaN,NaN,2014
0.027,NaN,NaN,0.194,0.005,-0.005,NaN,NaN,NaN,2014
NaN,NaN,NaN,0.112,0.012,-0.012,NaN,NaN,NaN,2014
0.009,0.002,-0.002,0.143,0.016,-0.016,NaN,NaN,NaN,2013
0.012,0.005,-0.005,0.226,0.025,-0.025,NaN,NaN,NaN,2013
NaN,NaN,NaN,0.097,0.019,-0.019,NaN,NaN,NaN,2014
NaN,NaN,NaN,0.232,0.045,-0.045,NaN,NaN,NaN,2014
NaN,NaN,NaN,0.305,0.058,-0.058,NaN,NaN,NaN,2014
NaN,NaN,NaN,0.205,0.039,-0.039,NaN,NaN,NaN,2014
NaN,NaN,NaN,0.697,0.132,-0.132,NaN,NaN,NaN,2014
NaN,NaN,NaN,1.008,0.191,-0.191,NaN,NaN,NaN,2014
NaN,NaN,NaN,0.175,0.084,-0.084,NaN,NaN,NaN,2014
NaN,NaN,NaN,0.685,0.306,-0.306,NaN,NaN,NaN,2014
NaN,NaN,NaN,0.321,0.122,-0.122,NaN,NaN,NaN,2014
NaN,NaN,NaN,0.082,0.031,-0.031,NaN,NaN,NaN,2014
NaN,NaN,NaN,0.192,0.015,-0.015,NaN,NaN,NaN,2014
NaN,NaN,NaN,0.136,0.008,-0.008,NaN,NaN,NaN,2014
NaN,NaN,NaN,0.209,0.113,-0.113,NaN,NaN,NaN,2014
NaN,NaN,NaN,0.203,0.112,-0.112,NaN,NaN,NaN,2014
NaN,NaN,NaN,0.209,0.041,-0.041,NaN,NaN,NaN,2014
NaN,NaN,NaN,0.524,0.103,-0.103,NaN,NaN,NaN,2014
NaN,NaN,NaN,0.196,0.039,-0.039,NaN,NaN,NaN,2014
NaN,NaN,NaN,0.232,0.048,-0.048,NaN,NaN,NaN,2014
NaN,NaN,NaN,0.262,0.051,-0.051,NaN,NaN,NaN,2014
NaN,NaN,NaN,0.132,0.027,-0.027,NaN,NaN,NaN,2014
NaN,NaN,NaN,0.065,0.004,-0.004,NaN,NaN,NaN,2014
NaN,NaN,NaN,0.156,0.008,-0.008,NaN,NaN,NaN,2014
NaN,NaN,NaN,0.099,0.006,-0.006,NaN,NaN,NaN,2014
NaN,NaN,NaN,0.211,0.009,-0.009,NaN,NaN,NaN,2014
NaN,NaN,NaN,0.066,0.004,-0.004,NaN,NaN,NaN,2014
NaN,NaN,NaN,0.136,0.009,-0.009,NaN,NaN,NaN,2014
NaN,NaN,NaN,0.141,0.012,-0.012,NaN,NaN,NaN,2014
NaN,NaN,NaN,0.223,0.004,-0.004,NaN,NaN,NaN,2014
NaN,NaN,NaN,0.125,0.004,-0.004,NaN,NaN,NaN,2014
NaN,NaN,NaN,0.237,0.012,-0.012,NaN,NaN,NaN,2014
NaN,NaN,NaN,0.236,0.012,-0.012,NaN,NaN,NaN,2014
0.097,0.019,-0.019,0.101,0.003,-0.003,NaN,NaN,NaN,2013
0.105,0.01,-0.01,0.101,0.003,-0.003,NaN,NaN,NaN,2013
NaN,NaN,NaN,0.211,0.019,-0.019,NaN,NaN,NaN,2014
NaN,NaN,NaN,0.227,0.009,-0.009,NaN,NaN,NaN,2014
NaN,NaN,NaN,0.091,0.004,-0.004,NaN,NaN,NaN,2014
NaN,NaN,NaN,0.259,0.022,-0.022,NaN,NaN,NaN,2013
NaN,NaN,NaN,0.146,0.014,-0.014,NaN,NaN,NaN,2014
0.051,0.011,-0.011,0.215,0.018,-0.018,NaN,NaN,NaN,2014
0.026,0.019,-0.019,0.075,0.006,-0.006,NaN,NaN,NaN,2014
NaN,NaN,NaN,0.108,0.021,-0.021,NaN,NaN,NaN,2014
NaN,NaN,NaN,0.114,0.022,-0.022,NaN,NaN,NaN,2014
NaN,NaN,NaN,0.138,0.027,-0.027,NaN,NaN,NaN,2014
NaN,NaN,NaN,0.157,0.027,-0.027,NaN,NaN,NaN,2014
NaN,NaN,NaN,0.253,0.043,-0.043,NaN,NaN,NaN,2014
NaN,NaN,NaN,0.178,0.035,-0.035,NaN,NaN,NaN,2014
NaN,NaN,NaN,0.112,0.022,-0.022,NaN,NaN,NaN,2014
NaN,NaN,NaN,0.161,0.031,-0.031,NaN,NaN,NaN,2014
NaN,NaN,NaN,0.103,0.021,-0.021,NaN,NaN,NaN,2014
NaN,NaN,NaN,0.183,0.034,-0.034,NaN,NaN,NaN,2014
NaN,NaN,NaN,0.178,0.033,-0.033,NaN,NaN,NaN,2014
NaN,NaN,NaN,0.131,0.01,-0.01,NaN,NaN,NaN,2014
NaN,NaN,NaN,0.168,0.012,-0.012,NaN,NaN,NaN,2014
NaN,NaN,NaN,0.054,0.004,-0.004,NaN,NaN,NaN,2014
0.012,0.005,-0.004,0.144,0.014,-0.013,NaN,NaN,NaN,2014
0.003,0.001,-0.001,0.144,0.014,-0.013,NaN,NaN,NaN,2014
NaN,NaN,NaN,0.262,0.051,-0.051,NaN,NaN,NaN,2014
NaN,NaN,NaN,0.302,0.062,-0.062,NaN,NaN,NaN,2014
NaN,NaN,NaN,0.144,0.028,-0.028,NaN,NaN,NaN,2014
NaN,NaN,NaN,0.161,0.031,-0.031,NaN,NaN,NaN,2014
NaN,NaN,NaN,0.062,0.004,-0.004,NaN,NaN,NaN,2014
NaN,NaN,NaN,0.126,0.008,-0.008,NaN,NaN,NaN,2014
NaN,NaN,NaN,0.178,0.035,-0.035,NaN,NaN,NaN,2014
NaN,NaN,NaN,0.255,0.049,-0.049,NaN,NaN,NaN,2014
NaN,NaN,NaN,0.193,0.042,-0.042,NaN,NaN,NaN,2014
NaN,NaN,NaN,0.215,0.054,-0.054,NaN,NaN,NaN,2014
NaN,NaN,NaN,0.301,0.075,-0.075,NaN,NaN,NaN,2014
NaN,NaN,NaN,0.119,0.023,-0.023,NaN,NaN,NaN,2014
NaN,NaN,NaN,0.12,0.023,-0.023,NaN,NaN,NaN,2014
0.117,0.036,-0.036,0.236,0.007,-0.007,NaN,NaN,NaN,2013
0.25,0.052,-0.052,0.385,0.011,-0.011,NaN,NaN,NaN,2013
NaN,NaN,NaN,0.331,0.062,-0.062,NaN,NaN,NaN,2014
NaN,NaN,NaN,0.279,0.053,-0.053,NaN,NaN,NaN,2014
NaN,NaN,NaN,0.136,0.028,-0.028,NaN,NaN,NaN,2014
NaN,NaN,NaN,0.217,0.044,-0.044,NaN,NaN,NaN,2014
NaN,NaN,NaN,0.161,0.078,-0.078,NaN,NaN,NaN,2014
NaN,NaN,NaN,0.321,0.157,-0.157,NaN,NaN,NaN,2014
NaN,NaN,NaN,0.376,0.054,-0.054,NaN,NaN,NaN,2014
NaN,NaN,NaN,0.144,0.021,-0.021,NaN,NaN,NaN,2014
NaN,NaN,NaN,0.353,0.061,-0.061,NaN,NaN,NaN,2014
NaN,NaN,NaN,0.112,0.017,-0.017,NaN,NaN,NaN,2014
NaN,NaN,NaN,0.329,0.053,-0.053,NaN,NaN,NaN,2014
NaN,NaN,NaN,0.249,0.037,-0.037,NaN,NaN,NaN,2014
NaN,NaN,NaN,0.278,0.049,-0.049,NaN,NaN,NaN,2014
NaN,NaN,NaN,0.273,0.136,-0.136,NaN,NaN,NaN,2014
NaN,NaN,NaN,0.186,0.093,-0.093,NaN,NaN,NaN,2014
NaN,NaN,NaN,0.249,0.015,-0.015,NaN,NaN,NaN,2014
NaN,NaN,NaN,0.213,0.014,-0.014,NaN,NaN,NaN,2014
NaN,NaN,NaN,0.261,0.157,-0.157,NaN,NaN,NaN,2014
NaN,NaN,NaN,0.226,0.136,-0.136,NaN,NaN,NaN,2014
NaN,NaN,NaN,0.202,0.039,-0.039,NaN,NaN,NaN,2014
NaN,NaN,NaN,0.263,0.055,-0.055,NaN,NaN,NaN,2014
NaN,NaN,NaN,0.186,0.019,-0.019,NaN,NaN,NaN,2014
NaN,NaN,NaN,0.2,0.013,-0.013,NaN,NaN,NaN,2014
NaN,NaN,NaN,0.205,0.015,-0.015,NaN,NaN,NaN,2014
NaN,NaN,NaN,0.227,0.017,-0.017,NaN,NaN,NaN,2014
NaN,NaN,NaN,0.118,0.023,-0.023,NaN,NaN,NaN,2014
NaN,NaN,NaN,0.2,0.038,-0.038,NaN,NaN,NaN,2014
NaN,NaN,NaN,0.189,0.032,-0.032,NaN,NaN,NaN,2014
NaN,NaN,NaN,0.17,0.027,-0.027,NaN,NaN,NaN,2014
NaN,NaN,NaN,0.212,0.016,-0.016,NaN,NaN,NaN,2014
NaN,NaN,NaN,0.304,0.025,-0.025,NaN,NaN,NaN,2014
NaN,NaN,NaN,0.137,0.068,-0.068,NaN,NaN,NaN,2014
NaN,NaN,NaN,0.322,0.158,-0.158,NaN,NaN,NaN,2014
NaN,NaN,NaN,0.189,0.012,-0.012,NaN,NaN,NaN,2014
NaN,NaN,NaN,0.183,0.013,-0.013,NaN,NaN,NaN,2014
NaN,NaN,NaN,0.112,0.06,-0.06,NaN,NaN,NaN,2014
NaN,NaN,NaN,0.27,0.145,-0.145,NaN,NaN,NaN,2014
NaN,NaN,NaN,0.094,0.039,-0.039,NaN,NaN,NaN,2014
NaN,NaN,NaN,0.202,0.084,-0.084,NaN,NaN,NaN,2014
NaN,NaN,NaN,0.126,0.025,-0.025,NaN,NaN,NaN,2014
NaN,NaN,NaN,0.244,0.046,-0.046,NaN,NaN,NaN,2014
NaN,NaN,NaN,0.219,0.042,-0.042,NaN,NaN,NaN,2014
NaN,NaN,NaN,0.207,0.126,-0.126,NaN,NaN,NaN,2014
NaN,NaN,NaN,0.199,0.12,-0.12,NaN,NaN,NaN,2014
NaN,NaN,NaN,0.203,0.104,-0.104,NaN,NaN,NaN,2014
NaN,NaN,NaN,0.212,0.11,-0.11,NaN,NaN,NaN,2014
NaN,NaN,NaN,0.129,0.008,-0.008,NaN,NaN,NaN,2014
NaN,NaN,NaN,0.122,0.007,-0.007,NaN,NaN,NaN,2014
NaN,NaN,NaN,0.13,0.059,-0.059,NaN,NaN,NaN,2014
NaN,NaN,NaN,0.24,0.108,-0.108,NaN,NaN,NaN,2014
NaN,NaN,NaN,0.101,0.007,-0.007,NaN,NaN,NaN,2014
NaN,NaN,NaN,0.108,0.007,-0.007,NaN,NaN,NaN,2014
NaN,NaN,NaN,0.112,0.008,-0.008,NaN,NaN,NaN,2014
NaN,NaN,NaN,0.196,0.026,-0.026,NaN,NaN,NaN,2014
NaN,NaN,NaN,0.23,0.021,-0.021,NaN,NaN,NaN,2014
NaN,NaN,NaN,0.285,0.02,-0.02,NaN,NaN,NaN,2014
NaN,NaN,NaN,0.255,0.015,-0.015,NaN,NaN,NaN,2014
NaN,NaN,NaN,0.209,0.094,-0.094,NaN,NaN,NaN,2014
NaN,NaN,NaN,0.228,0.103,-0.103,NaN,NaN,NaN,2014
NaN,NaN,NaN,0.169,0.08,-0.08,NaN,NaN,NaN,2014
NaN,NaN,NaN,0.21,0.037,-0.037,NaN,NaN,NaN,2014
NaN,NaN,NaN,0.255,0.047,-0.047,NaN,NaN,NaN,2014
NaN,NaN,NaN,0.201,0.036,-0.036,NaN,NaN,NaN,2014
NaN,NaN,NaN,0.246,0.05,-0.05,NaN,NaN,NaN,2014
NaN,NaN,NaN,0.115,0.057,-0.057,NaN,NaN,NaN,2014
NaN,NaN,NaN,0.217,0.108,-0.108,NaN,NaN,NaN,2014
NaN,NaN,NaN,0.175,0.01,-0.01,NaN,NaN,NaN,2014
NaN,NaN,NaN,0.133,0.008,-0.008,NaN,NaN,NaN,2014
NaN,NaN,NaN,0.195,0.012,-0.012,NaN,NaN,NaN,2014
NaN,NaN,NaN,0.228,0.114,-0.114,NaN,NaN,NaN,2014
NaN,NaN,NaN,0.277,0.139,-0.139,NaN,NaN,NaN,2014
NaN,NaN,NaN,0.128,0.065,-0.065,NaN,NaN,NaN,2014
NaN,NaN,NaN,0.232,0.119,-0.119,NaN,NaN,NaN,2014
NaN,NaN,NaN,0.224,0.118,-0.118,NaN,NaN,NaN,2014
0.006,0.002,-0.001,0.259,0.136,-0.027,NaN,NaN,NaN,2013
0.024,0.011,-0.01,0.633,0.331,-0.064,NaN,NaN,NaN,2013
NaN,NaN,NaN,0.259,0.112,-0.112,NaN,NaN,NaN,2014
NaN,NaN,NaN,0.257,0.11,-0.11,NaN,NaN,NaN,2014
NaN,NaN,NaN,0.352,0.152,-0.152,NaN,NaN,NaN,2014
NaN,NaN,NaN,0.146,0.061,-0.061,NaN,NaN,NaN,2014
NaN,NaN,NaN,0.178,0.072,-0.072,NaN,NaN,NaN,2014
NaN,NaN,NaN,0.134,0.06,-0.06,NaN,NaN,NaN,2014
NaN,NaN,NaN,0.269,0.12,-0.12,NaN,NaN,NaN,2014
NaN,NaN,NaN,0.113,0.055,-0.055,NaN,NaN,NaN,2014
NaN,NaN,NaN,0.178,0.087,-0.087,NaN,NaN,NaN,2014
NaN,NaN,NaN,0.23,0.105,-0.105,NaN,NaN,NaN,2014
NaN,NaN,NaN,0.306,0.136,-0.136,NaN,NaN,NaN,2014
NaN,NaN,NaN,0.184,0.079,-0.079,NaN,NaN,NaN,2014
NaN,NaN,NaN,0.203,0.087,-0.087,NaN,NaN,NaN,2014
NaN,NaN,NaN,0.211,0.119,-0.119,NaN,NaN,NaN,2014
NaN,NaN,NaN,0.176,0.099,-0.099,NaN,NaN,NaN,2014
NaN,NaN,NaN,0.222,0.126,-0.126,NaN,NaN,NaN,2014
NaN,NaN,NaN,0.104,0.06,-0.06,NaN,NaN,NaN,2014
NaN,NaN,NaN,0.18,0.104,-0.104,NaN,NaN,NaN,2014
NaN,NaN,NaN,0.102,0.008,-0.008,NaN,NaN,NaN,2014
NaN,NaN,NaN,0.12,0.009,-0.009,NaN,NaN,NaN,2014
NaN,NaN,NaN,0.139,0.014,-0.014,NaN,NaN,NaN,2014
NaN,NaN,NaN,0.119,0.009,-0.009,NaN,NaN,NaN,2014
NaN,NaN,NaN,0.126,0.025,-0.025,NaN,NaN,NaN,2014
NaN,NaN,NaN,0.238,0.046,-0.046,NaN,NaN,NaN,2014
NaN,NaN,NaN,0.15,0.068,-0.068,NaN,NaN,NaN,2014
NaN,NaN,NaN,0.285,0.129,-0.129,NaN,NaN,NaN,2014
NaN,NaN,NaN,0.108,0.054,-0.054,NaN,NaN,NaN,2014
NaN,NaN,NaN,0.212,0.106,-0.106,NaN,NaN,NaN,2014
NaN,NaN,NaN,0.139,0.01,-0.01,NaN,NaN,NaN,2014
NaN,NaN,NaN,0.13,0.009,-0.009,NaN,NaN,NaN,2014
NaN,NaN,NaN,0.12,0.059,-0.059,NaN,NaN,NaN,2014
NaN,NaN,NaN,0.166,0.082,-0.082,NaN,NaN,NaN,2014
NaN,NaN,NaN,0.244,0.04,-0.04,NaN,NaN,NaN,2014
NaN,NaN,NaN,0.249,0.046,-0.046,NaN,NaN,NaN,2014
NaN,NaN,NaN,0.213,0.096,-0.096,NaN,NaN,NaN,2014
NaN,NaN,NaN,0.245,0.111,-0.111,NaN,NaN,NaN,2014
NaN,NaN,NaN,0.135,0.07,-0.07,NaN,NaN,NaN,2014
NaN,NaN,NaN,0.231,0.121,-0.121,NaN,NaN,NaN,2014
NaN,NaN,NaN,0.214,0.112,-0.112,NaN,NaN,NaN,2014
NaN,NaN,NaN,0.181,0.066,-0.066,NaN,NaN,NaN,2014
NaN,NaN,NaN,0.138,0.051,-0.051,NaN,NaN,NaN,2014
NaN,NaN,NaN,0.17,0.013,-0.013,NaN,NaN,NaN,2014
NaN,NaN,NaN,0.2,0.015,-0.015,NaN,NaN,NaN,2014
NaN,NaN,NaN,0.091,0.004,-0.004,NaN,NaN,NaN,2014
NaN,NaN,NaN,0.11,0.004,-0.004,NaN,NaN,NaN,2014
NaN,NaN,NaN,0.109,0.009,-0.009,NaN,NaN,NaN,2014
NaN,NaN,NaN,0.081,0.004,-0.004,NaN,NaN,NaN,2014
NaN,NaN,NaN,0.252,0.037,-0.037,NaN,NaN,NaN,2014
NaN,NaN,NaN,0.22,0.033,-0.033,NaN,NaN,NaN,2014
NaN,NaN,NaN,0.277,0.05,-0.05,NaN,NaN,NaN,2014
NaN,NaN,NaN,0.29,0.052,-0.052,NaN,NaN,NaN,2014
NaN,NaN,NaN,0.19,0.037,-0.037,NaN,NaN,NaN,2014
NaN,NaN,NaN,0.142,0.026,-0.026,NaN,NaN,NaN,2014
NaN,NaN,NaN,0.219,0.043,-0.043,NaN,NaN,NaN,2014
NaN,NaN,NaN,0.254,0.054,-0.054,NaN,NaN,NaN,2014
NaN,NaN,NaN,0.145,0.009,-0.009,NaN,NaN,NaN,2014
NaN,NaN,NaN,0.165,0.009,-0.009,NaN,NaN,NaN,2014
NaN,NaN,NaN,0.229,0.046,-0.046,NaN,NaN,NaN,2014
NaN,NaN,NaN,0.22,0.042,-0.042,NaN,NaN,NaN,2014
NaN,NaN,NaN,0.128,0.025,-0.025,NaN,NaN,NaN,2014
NaN,NaN,NaN,0.226,0.048,-0.048,NaN,NaN,NaN,2014
NaN,NaN,NaN,0.16,0.035,-0.035,NaN,NaN,NaN,2014
NaN,NaN,NaN,0.135,0.012,-0.012,NaN,NaN,NaN,2014
NaN,NaN,NaN,0.146,0.011,-0.011,NaN,NaN,NaN,2014
NaN,NaN,NaN,0.107,0.021,-0.021,NaN,NaN,NaN,2014
NaN,NaN,NaN,0.158,0.03,-0.03,NaN,NaN,NaN,2014
NaN,NaN,NaN,0.106,0.021,-0.021,NaN,NaN,NaN,2014
NaN,NaN,NaN,0.14,0.027,-0.027,NaN,NaN,NaN,2014
NaN,NaN,NaN,0.134,0.026,-0.026,NaN,NaN,NaN,2014
NaN,NaN,NaN,0.295,0.056,-0.056,NaN,NaN,NaN,2014
NaN,NaN,NaN,0.145,0.027,-0.027,NaN,NaN,NaN,2014
NaN,NaN,NaN,0.124,0.023,-0.023,NaN,NaN,NaN,2014
NaN,NaN,NaN,0.107,0.021,-0.021,NaN,NaN,NaN,2014
NaN,NaN,NaN,0.132,0.025,-0.025,NaN,NaN,NaN,2014
NaN,NaN,NaN,0.202,0.03,-0.03,NaN,NaN,NaN,2014
NaN,NaN,NaN,0.277,0.045,-0.045,NaN,NaN,NaN,2014
NaN,NaN,NaN,0.262,0.019,-0.019,NaN,NaN,NaN,2014
NaN,NaN,NaN,0.323,0.017,-0.017,NaN,NaN,NaN,2014
NaN,NaN,NaN,0.112,0.008,-0.008,NaN,NaN,NaN,2014
NaN,NaN,NaN,0.115,0.008,-0.008,NaN,NaN,NaN,2014
NaN,NaN,NaN,0.097,0.019,-0.019,NaN,NaN,NaN,2014
NaN,NaN,NaN,0.244,0.045,-0.045,NaN,NaN,NaN,2014
NaN,NaN,NaN,0.145,0.028,-0.028,NaN,NaN,NaN,2014
NaN,NaN,NaN,0.209,0.04,-0.04,NaN,NaN,NaN,2014
NaN,NaN,NaN,0.233,0.044,-0.044,NaN,NaN,NaN,2014
NaN,NaN,NaN,0.19,0.036,-0.036,NaN,NaN,NaN,2014
NaN,NaN,NaN,0.145,0.036,-0.036,NaN,NaN,NaN,2014
NaN,NaN,NaN,0.158,0.037,-0.037,NaN,NaN,NaN,2014
NaN,NaN,NaN,0.213,0.049,-0.049,NaN,NaN,NaN,2014
NaN,NaN,NaN,0.156,0.037,-0.037,NaN,NaN,NaN,2014
NaN,NaN,NaN,0.21,0.041,-0.041,NaN,NaN,NaN,2014
NaN,NaN,NaN,0.271,0.053,-0.053,NaN,NaN,NaN,2014
NaN,NaN,NaN,0.199,0.029,-0.029,NaN,NaN,NaN,2014
NaN,NaN,NaN,0.165,0.024,-0.024,NaN,NaN,NaN,2014
NaN,NaN,NaN,0.132,0.011,-0.011,NaN,NaN,NaN,2014
NaN,NaN,NaN,0.28,0.023,-0.023,NaN,NaN,NaN,2014
NaN,NaN,NaN,0.263,0.044,-0.044,NaN,NaN,NaN,2014
NaN,NaN,NaN,0.319,0.054,-0.054,NaN,NaN,NaN,2014
NaN,NaN,NaN,0.251,0.043,-0.043,NaN,NaN,NaN,2014
NaN,NaN,NaN,0.072,0.004,-0.004,NaN,NaN,NaN,2014
NaN,NaN,NaN,0.14,0.008,-0.008,NaN,NaN,NaN,2014
NaN,NaN,NaN,0.087,0.005,-0.005,NaN,NaN,NaN,2014
NaN,NaN,NaN,0.119,0.011,-0.011,NaN,NaN,NaN,2014
NaN,NaN,NaN,0.153,0.015,-0.015,NaN,NaN,NaN,2014
NaN,NaN,NaN,0.261,0.024,-0.024,NaN,NaN,NaN,2014
NaN,NaN,NaN,0.244,0.022,-0.022,NaN,NaN,NaN,2014
NaN,NaN,NaN,0.235,0.022,-0.022,NaN,NaN,NaN,2014
NaN,NaN,NaN,0.282,0.125,-0.125,NaN,NaN,NaN,2014
NaN,NaN,NaN,0.414,0.185,-0.185,NaN,NaN,NaN,2014
NaN,NaN,NaN,0.329,0.145,-0.145,NaN,NaN,NaN,2014
NaN,NaN,NaN,0.151,0.065,-0.065,NaN,NaN,NaN,2014
NaN,NaN,NaN,0.178,0.078,-0.078,NaN,NaN,NaN,2014
NaN,NaN,NaN,0.266,0.117,-0.117,NaN,NaN,NaN,2014
NaN,NaN,NaN,0.214,0.093,-0.093,NaN,NaN,NaN,2014
NaN,NaN,NaN,0.124,0.008,-0.008,NaN,NaN,NaN,2014
NaN,NaN,NaN,0.278,0.023,-0.023,NaN,NaN,NaN,2014
NaN,NaN,NaN,0.205,0.012,-0.012,NaN,NaN,NaN,2014
NaN,NaN,NaN,0.176,0.013,-0.013,NaN,NaN,NaN,2014
NaN,NaN,NaN,0.107,0.006,-0.006,NaN,NaN,NaN,2014
NaN,NaN,NaN,0.164,0.009,-0.009,NaN,NaN,NaN,2014
NaN,NaN,NaN,0.138,0.055,-0.055,NaN,NaN,NaN,2014
NaN,NaN,NaN,0.203,0.08,-0.08,NaN,NaN,NaN,2014
NaN,NaN,NaN,0.109,0.044,-0.044,NaN,NaN,NaN,2014
NaN,NaN,NaN,0.277,0.14,-0.14,NaN,NaN,NaN,2014
NaN,NaN,NaN,0.271,0.136,-0.136,NaN,NaN,NaN,2014
NaN,NaN,NaN,0.136,0.063,-0.063,NaN,NaN,NaN,2014
NaN,NaN,NaN,0.241,0.111,-0.111,NaN,NaN,NaN,2014
NaN,NaN,NaN,0.36,0.165,-0.165,NaN,NaN,NaN,2014
NaN,NaN,NaN,0.196,0.07,-0.07,NaN,NaN,NaN,2014
NaN,NaN,NaN,0.439,0.155,-0.155,NaN,NaN,NaN,2014
NaN,NaN,NaN,0.343,0.123,-0.123,NaN,NaN,NaN,2014
NaN,NaN,NaN,0.38,0.194,-0.194,NaN,NaN,NaN,2014
NaN,NaN,NaN,0.182,0.093,-0.093,NaN,NaN,NaN,2014
NaN,NaN,NaN,0.154,0.011,-0.011,NaN,NaN,NaN,2014
NaN,NaN,NaN,0.172,0.017,-0.017,NaN,NaN,NaN,2014
NaN,NaN,NaN,0.275,0.131,-0.131,NaN,NaN,NaN,2014
NaN,NaN,NaN,0.342,0.166,-0.166,NaN,NaN,NaN,2014
NaN,NaN,NaN,0.217,0.059,-0.059,NaN,NaN,NaN,2014
NaN,NaN,NaN,0.242,0.07,-0.07,NaN,NaN,NaN,2014
NaN,NaN,NaN,0.33,0.148,-0.148,NaN,NaN,NaN,2014
NaN,NaN,NaN,0.313,0.139,-0.139,NaN,NaN,NaN,2014
NaN,NaN,NaN,0.199,0.009,-0.009,NaN,NaN,NaN,2014
NaN,NaN,NaN,0.114,0.007,-0.007,NaN,NaN,NaN,2014
NaN,NaN,NaN,0.183,0.009,-0.009,NaN,NaN,NaN,2014
NaN,NaN,NaN,0.198,0.026,-0.026,NaN,NaN,NaN,2014
NaN,NaN,NaN,0.14,0.011,-0.011,NaN,NaN,NaN,2014
NaN,NaN,NaN,0.178,0.015,-0.015,NaN,NaN,NaN,2014
NaN,NaN,NaN,0.126,0.067,-0.067,NaN,NaN,NaN,2014
NaN,NaN,NaN,0.186,0.098,-0.098,NaN,NaN,NaN,2014
NaN,NaN,NaN,0.154,0.036,-0.036,NaN,NaN,NaN,2014
NaN,NaN,NaN,0.213,0.04,-0.04,NaN,NaN,NaN,2014
NaN,NaN,NaN,0.274,0.051,-0.051,NaN,NaN,NaN,2014
0.534,0.226,-0.217,0.5,0.211,-0.041,NaN,NaN,NaN,2013
0.042,0.009,-0.008,0.178,0.076,-0.015,NaN,NaN,NaN,2013
NaN,NaN,NaN,0.208,0.013,-0.013,NaN,NaN,NaN,2014
NaN,NaN,NaN,0.224,0.037,-0.037,NaN,NaN,NaN,2014
NaN,NaN,NaN,0.122,0.05,-0.05,NaN,NaN,NaN,2014
NaN,NaN,NaN,0.196,0.079,-0.079,NaN,NaN,NaN,2014
NaN,NaN,NaN,0.208,0.092,-0.092,NaN,NaN,NaN,2014
NaN,NaN,NaN,0.229,0.099,-0.099,NaN,NaN,NaN,2014
NaN,NaN,NaN,0.233,0.143,-0.143,NaN,NaN,NaN,2014
NaN,NaN,NaN,0.178,0.11,-0.11,NaN,NaN,NaN,2014
NaN,NaN,NaN,0.219,0.103,-0.103,NaN,NaN,NaN,2014
NaN,NaN,NaN,0.178,0.087,-0.087,NaN,NaN,NaN,2014
NaN,NaN,NaN,0.246,0.103,-0.103,NaN,NaN,NaN,2014
NaN,NaN,NaN,0.183,0.078,-0.078,NaN,NaN,NaN,2014
NaN,NaN,NaN,0.206,0.087,-0.087,NaN,NaN,NaN,2014
NaN,NaN,NaN,0.229,0.016,-0.016,NaN,NaN,NaN,2014
NaN,NaN,NaN,0.194,0.015,-0.015,NaN,NaN,NaN,2014
NaN,NaN,NaN,0.27,0.019,-0.019,NaN,NaN,NaN,2014
NaN,NaN,NaN,0.209,0.107,-0.107,NaN,NaN,NaN,2014
NaN,NaN,NaN,0.134,0.068,-0.068,NaN,NaN,NaN,2014
NaN,NaN,NaN,0.146,0.041,-0.041,NaN,NaN,NaN,2014
NaN,NaN,NaN,0.365,0.102,-0.102,NaN,NaN,NaN,2014
NaN,NaN,NaN,0.352,0.098,-0.098,NaN,NaN,NaN,2014
NaN,NaN,NaN,0.269,0.032,-0.032,NaN,NaN,NaN,2014
NaN,NaN,NaN,0.363,0.044,-0.044,NaN,NaN,NaN,2014
NaN,NaN,NaN,0.097,0.004,-0.004,NaN,NaN,NaN,2014
NaN,NaN,NaN,0.135,0.008,-0.008,NaN,NaN,NaN,2014
NaN,NaN,NaN,0.14,0.012,-0.012,NaN,NaN,NaN,2014
NaN,NaN,NaN,0.101,0.061,-0.061,NaN,NaN,NaN,2014
NaN,NaN,NaN,0.203,0.117,-0.117,NaN,NaN,NaN,2014
NaN,NaN,NaN,0.194,0.112,-0.112,NaN,NaN,NaN,2014
NaN,NaN,NaN,0.119,0.021,-0.021,NaN,NaN,NaN,2014
NaN,NaN,NaN,0.247,0.044,-0.044,NaN,NaN,NaN,2014
NaN,NaN,NaN,0.247,0.044,-0.044,NaN,NaN,NaN,2014
NaN,NaN,NaN,0.247,0.044,-0.044,NaN,NaN,NaN,2014
NaN,NaN,NaN,0.11,0.011,-0.011,NaN,NaN,NaN,2014
NaN,NaN,NaN,0.192,0.012,-0.012,NaN,NaN,NaN,2014
NaN,NaN,NaN,0.145,0.06,-0.06,NaN,NaN,NaN,2014
NaN,NaN,NaN,0.236,0.099,-0.099,NaN,NaN,NaN,2014
NaN,NaN,NaN,0.283,0.116,-0.116,NaN,NaN,NaN,2014
NaN,NaN,NaN,0.345,0.165,-0.165,NaN,NaN,NaN,2014
NaN,NaN,NaN,0.192,0.092,-0.092,NaN,NaN,NaN,2014
NaN,NaN,NaN,0.223,0.106,-0.106,NaN,NaN,NaN,2014
NaN,NaN,NaN,0.138,0.055,-0.055,NaN,NaN,NaN,2014
NaN,NaN,NaN,0.267,0.105,-0.105,NaN,NaN,NaN,2014
NaN,NaN,NaN,0.142,0.035,-0.035,NaN,NaN,NaN,2014
NaN,NaN,NaN,0.192,0.047,-0.047,NaN,NaN,NaN,2014
NaN,NaN,NaN,0.221,0.056,-0.056,NaN,NaN,NaN,2014
NaN,NaN,NaN,0.21,0.052,-0.052,NaN,NaN,NaN,2014
NaN,NaN,NaN,0.233,0.117,-0.117,NaN,NaN,NaN,2014
NaN,NaN,NaN,0.483,0.243,-0.243,NaN,NaN,NaN,2014
NaN,NaN,NaN,0.442,0.221,-0.221,NaN,NaN,NaN,2014
NaN,NaN,NaN,0.362,0.242,-0.242,NaN,NaN,NaN,2014
NaN,NaN,NaN,0.322,0.217,-0.217,NaN,NaN,NaN,2014
NaN,NaN,NaN,0.25,0.122,-0.122,NaN,NaN,NaN,2014
NaN,NaN,NaN,0.241,0.117,-0.117,NaN,NaN,NaN,2014
NaN,NaN,NaN,0.179,0.049,-0.049,NaN,NaN,NaN,2014
NaN,NaN,NaN,0.155,0.048,-0.048,NaN,NaN,NaN,2014
NaN,NaN,NaN,0.194,0.012,-0.012,NaN,NaN,NaN,2014
NaN,NaN,NaN,0.178,0.012,-0.012,NaN,NaN,NaN,2014
NaN,NaN,NaN,0.121,0.053,-0.053,NaN,NaN,NaN,2014
NaN,NaN,NaN,0.146,0.061,-0.061,NaN,NaN,NaN,2014
NaN,NaN,NaN,0.238,0.129,-0.129,NaN,NaN,NaN,2014
NaN,NaN,NaN,0.22,0.12,-0.12,NaN,NaN,NaN,2014
NaN,NaN,NaN,0.297,0.066,-0.066,NaN,NaN,NaN,2014
NaN,NaN,NaN,0.252,0.052,-0.052,NaN,NaN,NaN,2014
NaN,NaN,NaN,0.166,0.04,-0.04,NaN,NaN,NaN,2014
NaN,NaN,NaN,0.235,0.049,-0.049,NaN,NaN,NaN,2014
NaN,NaN,NaN,0.222,0.048,-0.048,NaN,NaN,NaN,2014
NaN,NaN,NaN,0.231,0.049,-0.049,NaN,NaN,NaN,2014
NaN,NaN,NaN,0.221,0.107,-0.107,NaN,NaN,NaN,2014
NaN,NaN,NaN,0.347,0.169,-0.169,NaN,NaN,NaN,2014
NaN,NaN,NaN,0.177,0.008,-0.008,NaN,NaN,NaN,2014
NaN,NaN,NaN,0.19,0.01,-0.01,NaN,NaN,NaN,2014
NaN,NaN,NaN,0.203,0.011,-0.011,NaN,NaN,NaN,2014
NaN,NaN,NaN,0.227,0.042,-0.042,NaN,NaN,NaN,2014
NaN,NaN,NaN,0.302,0.062,-0.062,NaN,NaN,NaN,2014
NaN,NaN,NaN,0.22,0.103,-0.103,NaN,NaN,NaN,2014
NaN,NaN,NaN,0.151,0.071,-0.071,NaN,NaN,NaN,2014
NaN,NaN,NaN,0.179,0.036,-0.036,NaN,NaN,NaN,2014
NaN,NaN,NaN,0.158,0.033,-0.033,NaN,NaN,NaN,2014
NaN,NaN,NaN,0.079,0.014,-0.014,NaN,NaN,NaN,2014
NaN,NaN,NaN,0.089,0.016,-0.016,NaN,NaN,NaN,2014
NaN,NaN,NaN,0.128,0.069,-0.069,NaN,NaN,NaN,2014
NaN,NaN,NaN,0.16,0.086,-0.086,NaN,NaN,NaN,2014
NaN,NaN,NaN,0.201,0.109,-0.109,NaN,NaN,NaN,2014
NaN,NaN,NaN,0.134,0.077,-0.077,NaN,NaN,NaN,2014
NaN,NaN,NaN,0.177,0.103,-0.103,NaN,NaN,NaN,2014
NaN,NaN,NaN,0.137,0.075,-0.075,NaN,NaN,NaN,2014
NaN,NaN,NaN,0.164,0.089,-0.089,NaN,NaN,NaN,2014
NaN,NaN,NaN,0.209,0.04,-0.04,NaN,NaN,NaN,2014
NaN,NaN,NaN,0.302,0.057,-0.057,NaN,NaN,NaN,2014
NaN,NaN,NaN,0.297,0.066,-0.066,NaN,NaN,NaN,2014
NaN,NaN,NaN,0.256,0.12,-0.12,NaN,NaN,NaN,2014
0.052,0.014,-0.011,0.259,0.113,-0.025,NaN,NaN,NaN,2013
0.051,0.016,-0.014,0.25,0.11,-0.024,NaN,NaN,NaN,2013
0.275,0.131,-0.126,0.261,0.065,-0.056,NaN,NaN,NaN,2013
0.202,0.057,-0.049,0.3,0.074,-0.064,NaN,NaN,NaN,2013
NaN,NaN,NaN,0.363,0.014,-0.014,NaN,NaN,NaN,2014
NaN,NaN,NaN,0.32,0.038,-0.038,NaN,NaN,NaN,2014
NaN,NaN,NaN,0.323,0.063,-0.063,NaN,NaN,NaN,2014
0.155,0.023,-0.019,0.384,0.153,-0.037,NaN,NaN,NaN,2013
0.118,0.017,-0.014,0.277,0.111,-0.027,NaN,NaN,NaN,2013
NaN,NaN,NaN,0.129,0.062,-0.062,NaN,NaN,NaN,2014
NaN,NaN,NaN,0.179,0.087,-0.087,NaN,NaN,NaN,2014
NaN,NaN,NaN,0.252,0.1,-0.1,NaN,NaN,NaN,2014
NaN,NaN,NaN,0.474,0.184,-0.184,NaN,NaN,NaN,2014
NaN,NaN,NaN,0.09,0.022,-0.022,NaN,NaN,NaN,2014
NaN,NaN,NaN,0.107,0.026,-0.026,NaN,NaN,NaN,2014
0.192,0.113,-0.114,0.219,0.089,-0.018,NaN,NaN,NaN,2013
0.177,0.051,-0.053,0.277,0.112,-0.022,NaN,NaN,NaN,2013
NaN,NaN,NaN,0.19,0.023,-0.023,NaN,NaN,NaN,2014
NaN,NaN,NaN,0.162,0.011,-0.011,NaN,NaN,NaN,2014
NaN,NaN,NaN,0.2,0.087,-0.087,NaN,NaN,NaN,2014
NaN,NaN,NaN,0.233,0.105,-0.105,NaN,NaN,NaN,2014
NaN,NaN,NaN,0.12,0.052,-0.052,NaN,NaN,NaN,2014
NaN,NaN,NaN,0.1,0.044,-0.044,NaN,NaN,NaN,2014
NaN,NaN,NaN,0.111,0.022,-0.022,NaN,NaN,NaN,2014
NaN,NaN,NaN,0.122,0.024,-0.024,NaN,NaN,NaN,2014
NaN,NaN,NaN,0.119,0.024,-0.024,NaN,NaN,NaN,2014
NaN,NaN,NaN,0.158,0.038,-0.038,NaN,NaN,NaN,2014
NaN,NaN,NaN,0.208,0.095,-0.095,NaN,NaN,NaN,2014
NaN,NaN,NaN,0.291,0.133,-0.133,NaN,NaN,NaN,2014
NaN,NaN,NaN,0.149,0.071,-0.071,NaN,NaN,NaN,2014
NaN,NaN,NaN,0.254,0.121,-0.121,NaN,NaN,NaN,2014
NaN,NaN,NaN,0.238,0.113,-0.113,NaN,NaN,NaN,2014
NaN,NaN,NaN,0.217,0.041,-0.041,NaN,NaN,NaN,2014
NaN,NaN,NaN,1.163,0.219,-0.219,NaN,NaN,NaN,2014
NaN,NaN,NaN,0.201,0.109,-0.109,NaN,NaN,NaN,2014
NaN,NaN,NaN,0.241,0.124,-0.124,NaN,NaN,NaN,2014
NaN,NaN,NaN,0.193,0.084,-0.084,NaN,NaN,NaN,2014
NaN,NaN,NaN,0.168,0.073,-0.073,NaN,NaN,NaN,2014
NaN,NaN,NaN,0.118,0.012,-0.012,NaN,NaN,NaN,2014
NaN,NaN,NaN,0.131,0.013,-0.013,NaN,NaN,NaN,2014
NaN,NaN,NaN,0.199,0.019,-0.019,NaN,NaN,NaN,2014
NaN,NaN,NaN,0.238,0.031,-0.031,NaN,NaN,NaN,2014
NaN,NaN,NaN,0.21,0.02,-0.02,NaN,NaN,NaN,2014
NaN,NaN,NaN,0.274,0.116,-0.116,NaN,NaN,NaN,2014
NaN,NaN,NaN,0.342,0.145,-0.145,NaN,NaN,NaN,2014
NaN,NaN,NaN,0.158,0.074,-0.074,NaN,NaN,NaN,2014
NaN,NaN,NaN,0.242,0.113,-0.113,NaN,NaN,NaN,2014
NaN,NaN,NaN,0.109,0.057,-0.057,NaN,NaN,NaN,2014
NaN,NaN,NaN,0.104,0.055,-0.055,NaN,NaN,NaN,2014
NaN,NaN,NaN,0.121,0.064,-0.064,NaN,NaN,NaN,2014
NaN,NaN,NaN,0.084,0.006,-0.006,NaN,NaN,NaN,2014
NaN,NaN,NaN,0.192,0.009,-0.009,NaN,NaN,NaN,2014
NaN,NaN,NaN,0.203,0.028,-0.028,NaN,NaN,NaN,2014
NaN,NaN,NaN,0.156,0.021,-0.021,NaN,NaN,NaN,2014
NaN,NaN,NaN,0.16,0.01,-0.01,NaN,NaN,NaN,2014
NaN,NaN,NaN,0.256,0.046,-0.046,NaN,NaN,NaN,2014
NaN,NaN,NaN,0.583,0.105,-0.105,NaN,NaN,NaN,2014
NaN,NaN,NaN,0.175,0.009,-0.009,NaN,NaN,NaN,2014
NaN,NaN,NaN,0.172,0.02,-0.02,NaN,NaN,NaN,2014
NaN,NaN,NaN,0.223,0.018,-0.018,NaN,NaN,NaN,2014
NaN,NaN,NaN,0.118,0.024,-0.024,NaN,NaN,NaN,2014
NaN,NaN,NaN,0.236,0.056,-0.056,NaN,NaN,NaN,2014
NaN,NaN,NaN,0.166,0.034,-0.034,NaN,NaN,NaN,2014
NaN,NaN,NaN,0.167,0.035,-0.035,NaN,NaN,NaN,2014
NaN,NaN,NaN,0.149,0.068,-0.068,NaN,NaN,NaN,2014
NaN,NaN,NaN,0.201,0.093,-0.093,NaN,NaN,NaN,2014
NaN,NaN,NaN,0.12,0.064,-0.064,NaN,NaN,NaN,2014
NaN,NaN,NaN,0.12,0.064,-0.064,NaN,NaN,NaN,2014
NaN,NaN,NaN,0.156,0.084,-0.084,NaN,NaN,NaN,2014
NaN,NaN,NaN,0.362,0.076,-0.076,NaN,NaN,NaN,2014
NaN,NaN,NaN,1.111,0.227,-0.227,NaN,NaN,NaN,2014
NaN,NaN,NaN,0.079,0.004,-0.004,NaN,NaN,NaN,2014
NaN,NaN,NaN,0.102,0.008,-0.008,NaN,NaN,NaN,2014
NaN,NaN,NaN,0.255,0.019,-0.019,NaN,NaN,NaN,2014
NaN,NaN,NaN,0.194,0.013,-0.013,NaN,NaN,NaN,2014
NaN,NaN,NaN,0.245,0.019,-0.019,NaN,NaN,NaN,2014
0.033,0.008,-0.006,0.321,0.08,-0.032,NaN,NaN,NaN,2013
0.019,0.008,-0.007,0.294,0.073,-0.029,NaN,NaN,NaN,2013
NaN,NaN,NaN,0.242,0.037,-0.037,NaN,NaN,NaN,2014
NaN,NaN,NaN,0.136,0.009,-0.009,NaN,NaN,NaN,2014
NaN,NaN,NaN,0.21,0.017,-0.017,NaN,NaN,NaN,2014
NaN,NaN,NaN,0.22,0.021,-0.021,NaN,NaN,NaN,2014
NaN,NaN,NaN,0.203,0.013,-0.013,NaN,NaN,NaN,2014
0.01,0.002,-0.002,0.285,0.107,-0.041,NaN,NaN,NaN,2013
0.005,0.002,-0.001,0.25,0.094,-0.037,NaN,NaN,NaN,2013
NaN,NaN,NaN,0.189,0.091,-0.091,NaN,NaN,NaN,2014
NaN,NaN,NaN,0.193,0.093,-0.093,NaN,NaN,NaN,2014
NaN,NaN,NaN,0.139,0.012,-0.012,NaN,NaN,NaN,2014
NaN,NaN,NaN,0.224,0.016,-0.016,NaN,NaN,NaN,2014
NaN,NaN,NaN,0.106,0.05,-0.05,NaN,NaN,NaN,2014
NaN,NaN,NaN,0.302,0.141,-0.141,NaN,NaN,NaN,2014
NaN,NaN,NaN,0.22,0.103,-0.103,NaN,NaN,NaN,2014
NaN,NaN,NaN,0.152,0.029,-0.029,NaN,NaN,NaN,2014
NaN,NaN,NaN,0.128,0.025,-0.025,NaN,NaN,NaN,2014
NaN,NaN,NaN,0.115,0.022,-0.022,NaN,NaN,NaN,2014
NaN,NaN,NaN,0.281,0.054,-0.054,NaN,NaN,NaN,2014
NaN,NaN,NaN,0.226,0.028,-0.028,NaN,NaN,NaN,2014
NaN,NaN,NaN,0.229,0.037,-0.037,NaN,NaN,NaN,2014
NaN,NaN,NaN,0.074,0.011,-0.011,NaN,NaN,NaN,2014
NaN,NaN,NaN,0.259,0.038,-0.038,NaN,NaN,NaN,2014
NaN,NaN,NaN,0.336,0.07,-0.07,NaN,NaN,NaN,2014
NaN,NaN,NaN,0.37,0.086,-0.086,NaN,NaN,NaN,2014
NaN,NaN,NaN,0.095,0.01,-0.01,NaN,NaN,NaN,2014
NaN,NaN,NaN,0.103,0.011,-0.011,NaN,NaN,NaN,2014
NaN,NaN,NaN,0.186,0.086,-0.086,NaN,NaN,NaN,2014
NaN,NaN,NaN,0.153,0.07,-0.07,NaN,NaN,NaN,2014
NaN,NaN,NaN,0.42,0.074,-0.074,NaN,NaN,NaN,2014
NaN,NaN,NaN,0.328,0.058,-0.058,NaN,NaN,NaN,2014
NaN,NaN,NaN,0.145,0.021,-0.021,NaN,NaN,NaN,2014
NaN,NaN,NaN,0.235,0.033,-0.033,NaN,NaN,NaN,2014
NaN,NaN,NaN,0.204,0.031,-0.031,NaN,NaN,NaN,2014
NaN,NaN,NaN,0.102,0.048,-0.048,NaN,NaN,NaN,2014
NaN,NaN,NaN,0.122,0.057,-0.057,NaN,NaN,NaN,2014
NaN,NaN,NaN,0.158,0.03,-0.03,NaN,NaN,NaN,2014
NaN,NaN,NaN,0.207,0.04,-0.04,NaN,NaN,NaN,2014
NaN,NaN,NaN,0.09,0.01,-0.01,NaN,NaN,NaN,2014
NaN,NaN,NaN,0.149,0.016,-0.016,NaN,NaN,NaN,2014
NaN,NaN,NaN,0.128,0.025,-0.025,NaN,NaN,NaN,2014
NaN,NaN,NaN,0.145,0.029,-0.029,NaN,NaN,NaN,2014
NaN,NaN,NaN,0.102,0.01,-0.01,NaN,NaN,NaN,2014
NaN,NaN,NaN,0.281,0.029,-0.029,NaN,NaN,NaN,2014
NaN,NaN,NaN,0.26,0.128,-0.128,NaN,NaN,NaN,2014
NaN,NaN,NaN,0.227,0.112,-0.112,NaN,NaN,NaN,2014
NaN,NaN,NaN,0.249,0.124,-0.124,NaN,NaN,NaN,2014
NaN,NaN,NaN,0.136,0.014,-0.014,NaN,NaN,NaN,2014
NaN,NaN,NaN,0.125,0.009,-0.009,NaN,NaN,NaN,2014
NaN,NaN,NaN,0.108,0.008,-0.008,NaN,NaN,NaN,2014
NaN,NaN,NaN,0.099,0.004,-0.004,NaN,NaN,NaN,2014
NaN,NaN,NaN,0.092,0.004,-0.004,NaN,NaN,NaN,2014
NaN,NaN,NaN,0.154,0.009,-0.009,NaN,NaN,NaN,2014
0.09,0.041,-0.039,0.205,0.086,-0.021,NaN,NaN,NaN,2013
0.124,0.043,-0.04,0.482,0.2,-0.048,NaN,NaN,NaN,2013
NaN,NaN,NaN,0.125,0.022,-0.022,NaN,NaN,NaN,2014
NaN,NaN,NaN,0.172,0.026,-0.026,NaN,NaN,NaN,2014
NaN,NaN,NaN,0.12,0.047,-0.047,NaN,NaN,NaN,2014
NaN,NaN,NaN,0.174,0.064,-0.064,NaN,NaN,NaN,2014
NaN,NaN,NaN,0.162,0.017,-0.017,NaN,NaN,NaN,2014
NaN,NaN,NaN,0.164,0.017,-0.017,NaN,NaN,NaN,2014
NaN,NaN,NaN,0.146,0.015,-0.015,NaN,NaN,NaN,2014
NaN,NaN,NaN,0.104,0.007,-0.007,NaN,NaN,NaN,2014
NaN,NaN,NaN,0.097,0.007,-0.007,NaN,NaN,NaN,2014
NaN,NaN,NaN,0.105,0.007,-0.007,NaN,NaN,NaN,2014
NaN,NaN,NaN,0.118,0.014,-0.014,NaN,NaN,NaN,2014
NaN,NaN,NaN,0.099,0.018,-0.018,NaN,NaN,NaN,2014
NaN,NaN,NaN,0.1,0.019,-0.019,NaN,NaN,NaN,2014
NaN,NaN,NaN,0.128,0.023,-0.023,NaN,NaN,NaN,2014
NaN,NaN,NaN,0.126,0.023,-0.023,NaN,NaN,NaN,2014
NaN,NaN,NaN,0.302,0.06,-0.06,NaN,NaN,NaN,2014
NaN,NaN,NaN,0.274,0.059,-0.059,NaN,NaN,NaN,2014
NaN,NaN,NaN,0.091,0.017,-0.017,NaN,NaN,NaN,2014
NaN,NaN,NaN,0.187,0.033,-0.033,NaN,NaN,NaN,2014
NaN,NaN,NaN,0.211,0.043,-0.043,NaN,NaN,NaN,2014
NaN,NaN,NaN,0.137,0.038,-0.038,NaN,NaN,NaN,2014
NaN,NaN,NaN,0.183,0.051,-0.051,NaN,NaN,NaN,2014
NaN,NaN,NaN,0.218,0.012,-0.012,NaN,NaN,NaN,2014
NaN,NaN,NaN,0.209,0.011,-0.011,NaN,NaN,NaN,2014
NaN,NaN,NaN,0.268,0.025,-0.025,NaN,NaN,NaN,2014
NaN,NaN,NaN,0.127,0.059,-0.059,NaN,NaN,NaN,2014
NaN,NaN,NaN,0.103,0.046,-0.046,NaN,NaN,NaN,2014
NaN,NaN,NaN,0.104,0.047,-0.047,NaN,NaN,NaN,2014
NaN,NaN,NaN,0.226,0.054,-0.054,NaN,NaN,NaN,2014
NaN,NaN,NaN,0.301,0.069,-0.069,NaN,NaN,NaN,2014
NaN,NaN,NaN,0.105,0.055,-0.055,NaN,NaN,NaN,2014
NaN,NaN,NaN,0.152,0.077,-0.077,NaN,NaN,NaN,2014
NaN,NaN,NaN,0.165,0.084,-0.084,NaN,NaN,NaN,2014
NaN,NaN,NaN,0.178,0.092,-0.092,NaN,NaN,NaN,2014
NaN,NaN,NaN,0.201,0.036,-0.036,NaN,NaN,NaN,2014
NaN,NaN,NaN,0.175,0.031,-0.031,NaN,NaN,NaN,2014
NaN,NaN,NaN,0.222,0.043,-0.043,NaN,NaN,NaN,2014
NaN,NaN,NaN,0.215,0.045,-0.045,NaN,NaN,NaN,2014
NaN,NaN,NaN,0.18,0.034,-0.034,NaN,NaN,NaN,2014
NaN,NaN,NaN,0.233,0.109,-0.109,NaN,NaN,NaN,2014
NaN,NaN,NaN,0.263,0.123,-0.123,NaN,NaN,NaN,2014
NaN,NaN,NaN,0.066,0.005,-0.005,NaN,NaN,NaN,2014
NaN,NaN,NaN,0.107,0.006,-0.006,NaN,NaN,NaN,2014
NaN,NaN,NaN,0.237,0.111,-0.111,NaN,NaN,NaN,2014
NaN,NaN,NaN,0.274,0.13,-0.13,NaN,NaN,NaN,2014
NaN,NaN,NaN,0.176,0.084,-0.084,NaN,NaN,NaN,2014
NaN,NaN,NaN,0.156,0.075,-0.075,NaN,NaN,NaN,2014
NaN,NaN,NaN,0.136,0.026,-0.026,NaN,NaN,NaN,2014
NaN,NaN,NaN,0.119,0.022,-0.022,NaN,NaN,NaN,2014
NaN,NaN,NaN,0.17,0.064,-0.064,NaN,NaN,NaN,2014
NaN,NaN,NaN,0.175,0.066,-0.066,NaN,NaN,NaN,2014
NaN,NaN,NaN,0.165,0.034,-0.034,NaN,NaN,NaN,2014
0.019,0.01,-0.01,0.277,0.127,-0.054,NaN,NaN,NaN,2013
0.047,0.017,-0.015,0.25,0.114,-0.048,NaN,NaN,NaN,2013
NaN,NaN,NaN,0.273,0.138,-0.138,NaN,NaN,NaN,2014
NaN,NaN,NaN,0.285,0.138,-0.138,NaN,NaN,NaN,2014
NaN,NaN,NaN,0.077,0.007,-0.007,NaN,NaN,NaN,2014
NaN,NaN,NaN,0.111,0.009,-0.009,NaN,NaN,NaN,2014
NaN,NaN,NaN,0.079,0.005,-0.005,NaN,NaN,NaN,2014
NaN,NaN,NaN,0.123,0.006,-0.006,NaN,NaN,NaN,2014
NaN,NaN,NaN,0.164,0.052,-0.052,NaN,NaN,NaN,2014
NaN,NaN,NaN,0.117,0.037,-0.037,NaN,NaN,NaN,2014
NaN,NaN,NaN,0.111,0.036,-0.036,NaN,NaN,NaN,2014
NaN,NaN,NaN,0.13,0.059,-0.059,NaN,NaN,NaN,2014
NaN,NaN,NaN,0.242,0.109,-0.109,NaN,NaN,NaN,2014
NaN,NaN,NaN,0.14,0.026,-0.026,NaN,NaN,NaN,2014
NaN,NaN,NaN,0.161,0.029,-0.029,NaN,NaN,NaN,2014
NaN,NaN,NaN,0.164,0.096,-0.096,NaN,NaN,NaN,2014
NaN,NaN,NaN,0.238,0.14,-0.14,NaN,NaN,NaN,2014
NaN,NaN,NaN,0.306,0.182,-0.182,NaN,NaN,NaN,2014
NaN,NaN,NaN,0.243,0.121,-0.121,NaN,NaN,NaN,2014
NaN,NaN,NaN,0.254,0.128,-0.128,NaN,NaN,NaN,2014
NaN,NaN,NaN,0.315,0.146,-0.146,NaN,NaN,NaN,2014
NaN,NaN,NaN,0.384,0.178,-0.178,NaN,NaN,NaN,2014
NaN,NaN,NaN,0.358,0.17,-0.17,NaN,NaN,NaN,2014
NaN,NaN,NaN,0.147,0.07,-0.07,NaN,NaN,NaN,2014
NaN,NaN,NaN,0.187,0.089,-0.089,NaN,NaN,NaN,2014
NaN,NaN,NaN,0.129,0.025,-0.025,NaN,NaN,NaN,2014
NaN,NaN,NaN,0.225,0.043,-0.043,NaN,NaN,NaN,2014
NaN,NaN,NaN,0.079,0.034,-0.034,NaN,NaN,NaN,2014
NaN,NaN,NaN,0.129,0.054,-0.054,NaN,NaN,NaN,2014
NaN,NaN,NaN,0.103,0.017,-0.017,NaN,NaN,NaN,2014
NaN,NaN,NaN,0.151,0.024,-0.024,NaN,NaN,NaN,2014
NaN,NaN,NaN,0.183,0.036,-0.036,NaN,NaN,NaN,2014
NaN,NaN,NaN,0.138,0.033,-0.033,NaN,NaN,NaN,2014
NaN,NaN,NaN,0.192,0.037,-0.037,NaN,NaN,NaN,2014
NaN,NaN,NaN,0.182,0.087,-0.087,NaN,NaN,NaN,2014
NaN,NaN,NaN,0.146,0.069,-0.069,NaN,NaN,NaN,2014
NaN,NaN,NaN,0.13,0.059,-0.059,NaN,NaN,NaN,2014
NaN,NaN,NaN,0.16,0.072,-0.072,NaN,NaN,NaN,2014
NaN,NaN,NaN,0.116,0.014,-0.014,NaN,NaN,NaN,2014
NaN,NaN,NaN,0.107,0.014,-0.014,NaN,NaN,NaN,2014
NaN,NaN,NaN,0.291,0.081,-0.081,NaN,NaN,NaN,2014
NaN,NaN,NaN,0.346,0.096,-0.096,NaN,NaN,NaN,2014
NaN,NaN,NaN,0.101,0.005,-0.005,NaN,NaN,NaN,2014
NaN,NaN,NaN,0.126,0.005,-0.005,NaN,NaN,NaN,2014
NaN,NaN,NaN,0.142,0.07,-0.07,NaN,NaN,NaN,2014
NaN,NaN,NaN,0.17,0.079,-0.079,NaN,NaN,NaN,2014
NaN,NaN,NaN,0.169,0.046,-0.046,NaN,NaN,NaN,2014
NaN,NaN,NaN,0.159,0.04,-0.04,NaN,NaN,NaN,2014
NaN,NaN,NaN,0.121,0.053,-0.053,NaN,NaN,NaN,2014
NaN,NaN,NaN,0.186,0.08,-0.08,NaN,NaN,NaN,2014
NaN,NaN,NaN,0.151,0.065,-0.065,NaN,NaN,NaN,2014
NaN,NaN,NaN,0.121,0.06,-0.06,NaN,NaN,NaN,2014
NaN,NaN,NaN,0.111,0.055,-0.055,NaN,NaN,NaN,2014
NaN,NaN,NaN,0.092,0.048,-0.048,NaN,NaN,NaN,2014
NaN,NaN,NaN,0.098,0.051,-0.051,NaN,NaN,NaN,2014
NaN,NaN,NaN,0.117,0.062,-0.062,NaN,NaN,NaN,2014
NaN,NaN,NaN,0.129,0.045,-0.045,NaN,NaN,NaN,2014
NaN,NaN,NaN,0.236,0.086,-0.086,NaN,NaN,NaN,2014
NaN,NaN,NaN,0.095,0.02,-0.02,NaN,NaN,NaN,2014
NaN,NaN,NaN,0.16,0.032,-0.032,NaN,NaN,NaN,2014
NaN,NaN,NaN,0.124,0.024,-0.024,NaN,NaN,NaN,2014
NaN,NaN,NaN,0.184,0.035,-0.035,NaN,NaN,NaN,2014
NaN,NaN,NaN,0.067,0.013,-0.013,NaN,NaN,NaN,2014
NaN,NaN,NaN,0.062,0.004,-0.004,NaN,NaN,NaN,2014
NaN,NaN,NaN,0.148,0.028,-0.028,NaN,NaN,NaN,2014
NaN,NaN,NaN,0.204,0.038,-0.038,NaN,NaN,NaN,2014
NaN,NaN,NaN,0.106,0.021,-0.021,NaN,NaN,NaN,2014
NaN,NaN,NaN,0.113,0.025,-0.025,NaN,NaN,NaN,2014
NaN,NaN,NaN,0.088,0.02,-0.02,NaN,NaN,NaN,2014
NaN,NaN,NaN,0.1,0.022,-0.022,NaN,NaN,NaN,2014
NaN,NaN,NaN,0.118,0.056,-0.056,NaN,NaN,NaN,2014
NaN,NaN,NaN,0.142,0.069,-0.069,NaN,NaN,NaN,2014
NaN,NaN,NaN,0.118,0.046,-0.046,NaN,NaN,NaN,2014
NaN,NaN,NaN,0.111,0.044,-0.044,NaN,NaN,NaN,2014
NaN,NaN,NaN,0.1,0.029,-0.029,NaN,NaN,NaN,2014
NaN,NaN,NaN,0.101,0.029,-0.029,NaN,NaN,NaN,2014
NaN,NaN,NaN,0.244,0.123,-0.123,NaN,NaN,NaN,2014
NaN,NaN,NaN,0.271,0.139,-0.139,NaN,NaN,NaN,2014
NaN,NaN,NaN,0.124,0.073,-0.073,NaN,NaN,NaN,2014
NaN,NaN,NaN,0.141,0.079,-0.079,NaN,NaN,NaN,2014
NaN,NaN,NaN,0.092,0.021,-0.021,NaN,NaN,NaN,2014
NaN,NaN,NaN,0.079,0.02,-0.02,NaN,NaN,NaN,2014
NaN,NaN,NaN,0.072,0.009,-0.009,NaN,NaN,NaN,2014
NaN,NaN,NaN,0.077,0.01,-0.01,NaN,NaN,NaN,2014
NaN,NaN,NaN,0.135,0.069,-0.069,NaN,NaN,NaN,2014
NaN,NaN,NaN,0.13,0.067,-0.067,NaN,NaN,NaN,2014
NaN,NaN,NaN,0.073,0.006,-0.006,NaN,NaN,NaN,2014
NaN,NaN,NaN,0.07,0.007,-0.007,NaN,NaN,NaN,2014
NaN,NaN,NaN,0.285,0.07,-0.07,NaN,NaN,NaN,2014
NaN,NaN,NaN,0.316,0.077,-0.077,NaN,NaN,NaN,2014
NaN,NaN,NaN,0.089,0.019,-0.019,NaN,NaN,NaN,2014
NaN,NaN,NaN,0.098,0.021,-0.021,NaN,NaN,NaN,2014
NaN,NaN,NaN,0.115,0.022,-0.022,NaN,NaN,NaN,2014
NaN,NaN,NaN,0.119,0.028,-0.028,NaN,NaN,NaN,2014
NaN,NaN,NaN,0.143,0.073,-0.073,NaN,NaN,NaN,2014
NaN,NaN,NaN,0.148,0.077,-0.077,NaN,NaN,NaN,2014
NaN,NaN,NaN,0.092,0.007,-0.007,NaN,NaN,NaN,2014
NaN,NaN,NaN,0.118,0.008,-0.008,NaN,NaN,NaN,2014
0.238,0.037,-0.018,0.312,0.114,-0.058,NaN,NaN,NaN,2013
0.056,0.009,-0.004,0.473,0.174,-0.088,NaN,NaN,NaN,2013
NaN,NaN,NaN,0.219,1.902,-1.902,NaN,NaN,NaN,2014
NaN,NaN,NaN,0.551,0.05,-0.05,NaN,NaN,NaN,2014
NaN,NaN,NaN,0.083,0.009,-0.009,NaN,NaN,NaN,2014
NaN,NaN,NaN,0.09,0.01,-0.01,NaN,NaN,NaN,2014
NaN,NaN,NaN,0.086,0.045,-0.045,NaN,NaN,NaN,2014
NaN,NaN,NaN,0.128,0.069,-0.069,NaN,NaN,NaN,2014
NaN,NaN,NaN,0.169,0.09,-0.09,NaN,NaN,NaN,2014
NaN,NaN,NaN,0.147,0.027,-0.027,NaN,NaN,NaN,2014
NaN,NaN,NaN,0.133,0.025,-0.025,NaN,NaN,NaN,2014
NaN,NaN,NaN,0.153,0.036,-0.036,NaN,NaN,NaN,2014
NaN,NaN,NaN,0.192,0.036,-0.036,NaN,NaN,NaN,2014
NaN,NaN,NaN,0.109,0.021,-0.021,NaN,NaN,NaN,2014
NaN,NaN,NaN,0.139,0.031,-0.031,NaN,NaN,NaN,2014
NaN,NaN,NaN,0.123,0.024,-0.024,NaN,NaN,NaN,2014
NaN,NaN,NaN,0.13,0.026,-0.026,NaN,NaN,NaN,2014
NaN,NaN,NaN,0.112,0.02,-0.02,NaN,NaN,NaN,2014
NaN,NaN,NaN,0.156,0.029,-0.029,NaN,NaN,NaN,2014
NaN,NaN,NaN,0.113,0.049,-0.049,NaN,NaN,NaN,2014
NaN,NaN,NaN,0.153,0.076,-0.076,NaN,NaN,NaN,2014
NaN,NaN,NaN,0.186,0.088,-0.088,NaN,NaN,NaN,2014
NaN,NaN,NaN,0.416,2.378,-2.378,NaN,NaN,NaN,2014
0.02,0.004,-0.004,0.128,0.003,-0.003,NaN,NaN,NaN,2014
0.009,0.006,-0.006,0.076,0.003,-0.003,NaN,NaN,NaN,2014
0.0002,0.0038,-0.0038,0.095,0.002,-0.002,NaN,NaN,NaN,2014
12.6,6.3,-6.3,NaN,NaN,NaN,NaN,NaN,NaN,2014
0.002,0.01,-0.01,0.073,0.003,-0.003,NaN,NaN,NaN,2014
0.008,0.02,-0.02,0.106,0.003,-0.003,NaN,NaN,NaN,2014
NaN,NaN,NaN,0.253,0.005,-0.005,132,6.9,-6.9,2013
NaN,NaN,NaN,0.168,0.018,-0.018,NaN,NaN,NaN,2013
0.939,0.085,-0.085,1.325,0.043,-0.043,1056,36,-36,2014
0.211,0.069,-0.066,0.388,0.009,-0.009,NaN,NaN,NaN,2014
0.81,0.18,-0.18,0.89,0.07,-0.07,2000,NaN,NaN,2007
0.01,0.015,-0.005,NaN,NaN,NaN,NaN,NaN,NaN,2008
0.9,0.4,-0.4,NaN,NaN,NaN,NaN,NaN,NaN,2008
0.23,0.05,-0.05,NaN,NaN,NaN,NaN,NaN,NaN,2009
4.8,2.1,-2.4,NaN,NaN,NaN,3600,1300,-1300,2013
0.0327,0.005,-0.005,NaN,NaN,NaN,NaN,NaN,NaN,2011
0.157,0.138,-0.075,NaN,NaN,NaN,NaN,NaN,NaN,2010
2.6,4.1,-1.6,NaN,NaN,NaN,NaN,NaN,NaN,2010
1.5,0.8,-0.3,NaN,NaN,NaN,2300,600,-600,2012
11,2,-2,NaN,NaN,NaN,2800,400,-400,2012
4.8,0.3,-0.3,NaN,NaN,NaN,7720,440,-440,2012
11.6,13.4,-5.6,NaN,NaN,NaN,7560,910,-910,2013
NaN,NaN,NaN,NaN,NaN,NaN,NaN,NaN,NaN,2014
NaN,NaN,NaN,NaN,NaN,NaN,NaN,NaN,NaN,2014
NaN,NaN,NaN,NaN,NaN,NaN,NaN,NaN,NaN,2014
NaN,NaN,NaN,NaN,NaN,NaN,NaN,NaN,NaN,2007
2.6,0.8,-0.8,NaN,NaN,NaN,NaN,NaN,NaN,2004
3.8,0.4,-0.4,NaN,NaN,NaN,NaN,NaN,NaN,2005
0.04,NaN,NaN,NaN,NaN,NaN,NaN,NaN,NaN,2006
0.017,NaN,NaN,NaN,NaN,NaN,NaN,NaN,NaN,2005
0.71,0.08,-0.08,NaN,NaN,NaN,NaN,NaN,NaN,2008
0.27,0.03,-0.03,NaN,NaN,NaN,NaN,NaN,NaN,2008
0.0694,NaN,NaN,NaN,NaN,NaN,NaN,NaN,NaN,2009
0.53,0.21,-0.21,NaN,NaN,NaN,2570,610,-610,2012
0.11,0.02,-0.02,NaN,NaN,NaN,4080,300,-300,2012
0.68,0.1,-0.1,NaN,NaN,NaN,4080,300,-300,2012
1.85,0.19,-0.19,NaN,NaN,NaN,1760,130,-130,2013
2.73,0.43,-0.43,NaN,NaN,NaN,4970,290,-290,2013
4.5,1.5,-1.5,1.61,0.04,-0.04,NaN,NaN,NaN,2008
0.62,0.14,-0.14,1.25,0.14,-0.12,NaN,NaN,NaN,2004
1.39,0.18,-0.17,1.363,0.092,-0.09,NaN,NaN,NaN,2002
0.55,0.1,-0.1,1.051,0.057,-0.052,NaN,NaN,NaN,2004
1.26,0.16,-0.16,1.093,0.028,-0.019,600,NaN,NaN,2004
1.18,0.14,-0.13,1.2,0.15,-0.11,2500,250,-250,2004
1.01,0.15,-0.15,1.13,0.24,-0.08,NaN,NaN,NaN,2007
1.03,0.2,-0.2,1.36,0.18,-0.09,NaN,NaN,NaN,2007
21,3,-3,NaN,NaN,NaN,NaN,NaN,NaN,2006
2.31,0.77,-0.77,0.941,0.036,-0.047,1200,600,-600,2013
0.54,0.039,-0.039,NaN,NaN,NaN,NaN,NaN,NaN,2012
1.844,0.064,-0.064,NaN,NaN,NaN,NaN,NaN,NaN,2012
0.00007,NaN,NaN,NaN,NaN,NaN,NaN,NaN,NaN,1992
0.013,NaN,NaN,NaN,NaN,NaN,NaN,NaN,NaN,1992
0.012,0.0006,-0.0006,NaN,NaN,NaN,NaN,NaN,NaN,1994
2.5,1,-1,NaN,NaN,NaN,NaN,NaN,NaN,2003
1.2,NaN,NaN,NaN,NaN,NaN,1200,300,-300,2011
1.09,0.084,-0.081,1.164,0.045,-0.045,NaN,NaN,NaN,2010
2.487,0.086,-0.086,1.144,0.035,-0.035,NaN,NaN,NaN,2011
10.5,4.5,-4.5,NaN,NaN,NaN,135,NaN,NaN,2013
16,4,-4,NaN,NaN,NaN,120,10,-10,2013
13,7,-7,NaN,NaN,NaN,NaN,NaN,NaN,2010
3.8,NaN,NaN,0.81,0.1,-0.1,8500,NaN,NaN,2006
9.7,5.6,-4.5,1.13,0.21,-0.21,8500,NaN,NaN,2006
0.752,0.047,-0.046,1.067,0.022,-0.021,152.3,6.7,-6.7,2004
1.91,0.075,-0.08,1.336,0.031,-0.037,228,12,-12,2007
0.919,0.073,-0.073,1.799,0.063,-0.063,492,39,-39,2007
1.778,0.063,-0.063,1.209,0.021,-0.021,360,11,-11,2011
14,2,-8,NaN,NaN,NaN,NaN,NaN,NaN,2008
3.2,0.7,-0.7,NaN,NaN,NaN,NaN,NaN,NaN,2007
0.918,0.091,-0.09,1.514,0.052,-0.047,408,27,-27,2007
0.914,0.092,-0.092,1.117,0.082,-0.082,147,17,-17,2007
1.76,0.08,-0.14,1.29,0.05,-0.07,220,NaN,NaN,2007
1.237,0.064,-0.064,1.413,0.02,-0.02,300,50,-50,2007
1.568,0.071,-0.071,1.167,0.043,-0.043,300,50,-50,2008
0.503,0.019,-0.038,1.224,0.051,-0.052,NaN,NaN,NaN,2009
0.96,0.13,-0.13,1.33,0.093,-0.093,140,15,-15,2008
2.244,0.079,-0.093,1.038,0.007,-0.047,87,7,-7,2010
3.15,0.13,-0.11,1.08,0.02,-0.02,90,20,-20,2008
0.487,0.018,-0.018,1.005,0.032,-0.027,121.7,4.2,-4.2,2008
1.41,0.1,-0.1,1.79,0.09,-0.09,NaN,NaN,NaN,2008
0.477,0.044,-0.049,1.389,0.045,-0.056,155,18,-18,2009
7.341,0.508,-0.496,1.281,0.075,-0.082,160,20,-20,2008
0.542,0.05,-0.05,1.428,0.077,-0.077,NaN,NaN,NaN,2009
0.855,0.043,-0.076,1.008,0.083,-0.06,NaN,NaN,NaN,2009
0.49,0.059,-0.056,1.74,0.26,-0.23,400,60,-60,2009
10.43,0.38,-0.38,1.165,0.057,-0.057,105.49,11.77,-15.14,2009
1.168,0.023,-0.023,1.386,0.032,-0.032,250,80,-60,2009
0.3,0.011,-0.011,1.07,0.06,-0.06,242,50,-30,2010
0.588,0.017,-0.017,1.158,0.061,-0.038,300,NaN,NaN,2010
0.884,0.088,-0.099,0.962,0.047,-0.056,NaN,NaN,NaN,2010
1.071,0.036,-0.038,1.3,0.039,-0.038,NaN,NaN,NaN,2010
0.58,0.04,-0.04,1.22,0.06,-0.05,NaN,NaN,NaN,2010
1.028,0.021,-0.021,1.281,0.075,-0.075,250,15,-15,2010
0.244,0.02,-0.02,0.792,0.056,-0.035,70,NaN,NaN,2010
0.478,0.029,-0.029,1.549,0.05,-0.05,360,30,-30,2010
3.6,0.07,-0.07,1.18,0.07,-0.07,NaN,NaN,NaN,2010
4.1,NaN,NaN,1.497,0.045,-0.045,116.14,12.62,-16.13,2010
0.59,0.01,-0.01,1.22,0.11,-0.08,120,15,-15,2010
0.72,0.06,-0.06,1.32,0.05,-0.05,NaN,NaN,NaN,2011
2.303,0.068,-0.068,1.281,0.029,-0.029,450,120,-120,2011
1.8,0.17,-0.17,1.16,0.07,-0.06,343,36,-36,2010
2.691,0.058,-0.058,1.094,0.029,-0.028,110,20,-20,2010
0.28,0.03,-0.03,1.27,0.04,-0.04,230,80,-80,2011
0.92,0.06,-0.06,1.2,0.06,-0.06,180,60,-60,2010
0.5,0.035,-0.035,1.08,0.057,-0.057,160,40,-40,2012
1.78,0.1,-0.1,0.93,0.07,-0.09,80,20,-20,2011
0.889,0.062,-0.062,1.14,0.11,-0.11,NaN,NaN,NaN,2011
1.007,0.053,-0.053,1.16,0.28,-0.14,NaN,NaN,NaN,2011
2.101,0.073,-0.073,1.31,0.051,-0.051,NaN,NaN,NaN,2011
1.14,0.05,-0.05,1.15,0.04,-0.02,200,30,-30,2012
0.98,0.09,-0.09,1.67,0.1,-0.1,NaN,NaN,NaN,2011
0.378,0.027,-0.027,1.115,0.047,-0.047,170,20,-20,2012
1.468,0.091,-0.086,1.153,0.048,-0.048,230,40,-40,2011
0.46,0.02,-0.02,1.27,0.03,-0.03,140,20,-20,2012
0.636,0.025,-0.024,1.653,0.09,-0.083,200,30,-30,2012
0.57,0.04,-0.04,1.3,0.05,-0.03,330,50,-50,2012
0.571,0.034,-0.035,1.092,0.035,-0.033,255,40,-40,2012
0.672,0.049,-0.046,0.916,0.017,-0.014,455,80,-80,2012
0.89,0.07,-0.07,1.37,0.2,-0.2,300,50,-50,2012
0.863,0.045,-0.045,0.775,0.068,-0.068,125,25,-25,2012
0.514,0.034,-0.034,0.86,0.12,-0.12,400,60,-60,2012
2.06,0.17,-0.17,1.24,0.03,-0.03,480,65,-65,2012
0.57,0.04,-0.04,1.39,0.06,-0.06,160,30,-30,2012
0.38,0.03,-0.03,1.43,0.1,-0.06,330,50,-50,2012
1.271,0.068,-0.068,1.271,0.039,-0.039,350,90,-90,2012
1.55,0.16,-0.16,1.112,0.059,-0.059,310,50,-50,2013
2.32,0.13,-0.13,1.39,0.09,-0.09,380,100,-100,2012
0.42,0.04,-0.04,1.4,0.3,-0.2,225,45,-45,2012
2.242,0.08,-0.08,1.46,0.13,-0.13,345,32,-32,2012
1.5461,0.059,-0.056,1.27,0.2,-0.2,340,60,-60,2012
1.07,0.05,-0.05,1.27,0.048,-0.048,260,70,-70,2013
1.76,0.06,-0.06,1.21,0.02,-0.02,93,5,-5,2012
0.89,0.08,-0.08,1.7,0.11,-0.11,550,120,-120,2012
0.9,0.08,-0.08,2.09,0.14,-0.14,240,50,-50,2012
0.554,0.03,-0.039,0.952,0.026,-0.027,60,20,-20,2012
1.49,0.088,-0.088,1.528,0.073,-0.047,470,35,-35,2014
7.5,1.5,-1.5,NaN,NaN,NaN,19.2,0.6,-0.6,2011
4.01,0.35,-0.35,1.49,0.16,-0.18,3200,900,-400,2012
1.12,0.16,-0.16,1.363,0.061,-0.061,1000,NaN,NaN,2014
22,2,-2,0.934,0.029,-0.029,10.1,1.9,-1.4,2012
0.92,0.08,-0.08,1.21,0.03,-0.03,172,12,-12,2006
0.565,0.054,-0.054,0.996,0.031,-0.018,148,10,-10,2007
11.79,0.59,-0.59,1.217,0.073,-0.073,174,18,-18,2007
1.78,0.08,-0.08,1.33,0.05,-0.05,293,19,-19,2008
1.059,0.028,-0.028,1.109,0.05,-0.05,260,12,-12,2008
